filename,width,height,class,xmin,ymin,xmax,ymax
1 (1-17).jpg,600,800,mandarina verde,66,381,93,403
1 (1-17).jpg,600,800,mandarina verde,129,404,155,426
1 (1-17).jpg,600,800,mandarina verde,359,639,382,660
1 (1-17).jpg,600,800,mandarina verde,408,634,429,656
1 (1-17).jpg,600,800,mandarina verde,257,599,275,622
1 (1-17).jpg,600,800,mandarina verde,73,513,92,533
1 (1-17).jpg,600,800,mandarina verde,572,613,597,641
1 (1-17).jpg,600,800,mandarina verde,581,687,600,713
1 (1-17).jpg,600,800,mandarina verde,582,648,600,672
1 (1-17).jpg,600,800,mandarina verde,429,268,444,281
1 (1-17).jpg,600,800,mandarina verde,403,539,427,561
1 (1-21).jpg,600,800,mandarina verde,251,436,269,454
1 (1-21).jpg,600,800,mandarina verde,258,316,275,336
1 (1-21).jpg,600,800,mandarina verde,117,484,141,509
1 (1-21).jpg,600,800,mandarina verde,45,614,67,636
1 (1-21).jpg,600,800,mandarina verde,573,274,600,305
1 (1-21).jpg,600,800,mandarina verde,568,173,598,201
1 (1-21).jpg,600,800,mandarina verde,386,94,424,133
1 (1-21).jpg,600,800,mandarina verde,358,105,389,144
1 (1-21).jpg,600,800,mandarina verde,51,696,75,716
1 (1-21).jpg,600,800,mandarina verde,234,667,254,690
1 (1-21).jpg,600,800,mandarina verde,195,715,215,736
1 (1-21).jpg,600,800,mandarina verde,157,652,181,674
1 (1-6).jpg,600,800,mandarina verde,109,487,150,517
1 (1-6).jpg,600,800,mandarina verde,301,456,327,483
1 (1-6).jpg,600,800,mandarina naranja,538,415,561,439
1 (1-6).jpg,600,800,mandarina verde,105,171,131,198
1 (1-6).jpg,600,800,mandarina verde,237,392,258,424
1 (2-23).jpg,600,800,mandarina verde,58,301,83,324
1 (2-23).jpg,600,800,mandarina naranja,27,466,42,478
1 (2-23).jpg,600,800,mandarina naranja,10,455,29,472
1 (2-23).jpg,600,800,mandarina verde,179,522,200,537
1 (2-23).jpg,600,800,mandarina verde,397,238,421,259
1 (2-23).jpg,600,800,mandarina verde,530,255,554,277
1 (2-23).jpg,600,800,mandarina verde,492,282,520,300
1 (2-23).jpg,600,800,mandarina verde,412,609,436,635
1 (2-23).jpg,600,800,mandarina verde,326,595,342,612
1 (2-23).jpg,600,800,mandarina verde,191,584,206,597
1 (2-23).jpg,600,800,mandarina verde,140,629,157,644
1 (2-23).jpg,600,800,mandarina naranja,67,545,81,556
1 (2-23).jpg,600,800,mandarina naranja,63,568,76,580
1 (2-23).jpg,600,800,mandarina verde,1,375,13,389
1 (2-23).jpg,600,800,mandarina verde,208,364,225,375
1 (2-23).jpg,600,800,mandarina verde,163,595,177,607
1 (2-23).jpg,600,800,mandarina naranja,38,200,54,218
1 (2-23).jpg,600,800,mandarina verde,298,318,313,329
1 (2-23).jpg,600,800,mandarina verde,279,309,290,321
1 (2-4).jpg,600,800,mandarina verde,89,457,114,480
1 (2-4).jpg,600,800,mandarina verde,6,504,36,525
1 (2-4).jpg,600,800,mandarina verde,10,552,40,574
1 (2-4).jpg,600,800,mandarina verde,29,285,51,304
1 (2-4).jpg,600,800,mandarina naranja,401,300,429,324
1 (2-4).jpg,600,800,mandarina verde,468,706,492,727
1 (2-4).jpg,600,800,mandarina naranja,301,199,319,220
1 (2-4).jpg,600,800,mandarina naranja,418,217,439,240
1 (2-4).jpg,600,800,mandarina verde,407,184,435,207
1 (2-4).jpg,600,800,mandarina naranja,489,415,511,431
1 (2-4).jpg,600,800,mandarina verde,419,588,440,608
1 (2-4).jpg,600,800,mandarina naranja,320,615,345,639
1 (2-4).jpg,600,800,mandarina verde,142,287,164,305
1 (2-4).jpg,600,800,mandarina verde,99,293,123,309
1 (2-4).jpg,600,800,mandarina naranja,292,170,313,192
1 (2-4).jpg,600,800,mandarina verde,563,223,587,245
1 (2-4).jpg,600,800,mandarina verde,529,532,546,549
1 (2-4).jpg,600,800,mandarina naranja,531,277,551,298
1 (2-4).jpg,600,800,mandarina naranja,389,171,411,202
1 (2-4).jpg,600,800,mandarina naranja,342,230,362,247
1 (2-4).jpg,600,800,mandarina verde,48,496,75,516
1 (2-4).jpg,600,800,mandarina verde,16,606,42,629
1 (2-4).jpg,600,800,mandarina verde,1,526,26,553
1 (2-4).jpg,600,800,mandarina verde,233,280,251,295
1 (2-4).jpg,600,800,mandarina verde,244,161,264,186
1 (2-4).jpg,600,800,mandarina verde,187,236,202,254
1 (2-4).jpg,600,800,mandarina naranja,575,90,594,114
1 (2-4).jpg,600,800,mandarina naranja,522,126,537,142
1 (2-4).jpg,600,800,mandarina naranja,21,358,43,374
1 (2-4).jpg,600,800,mandarina naranja,162,354,178,365
1 (2-4).jpg,600,800,mandarina naranja,141,373,154,388
1 (3-11).jpg,600,800,mandarina verde,215,619,239,644
1 (3-11).jpg,600,800,mandarina verde,201,424,227,444
1 (3-11).jpg,600,800,mandarina verde,44,406,64,423
1 (3-11).jpg,600,800,mandarina verde,411,523,436,550
1 (3-11).jpg,600,800,mandarina verde,401,575,416,591
1 (3-11).jpg,600,800,mandarina verde,520,284,539,303
1 (3-15).jpg,600,800,mandarina verde,484,71,525,110
1 (3-15).jpg,600,800,mandarina naranja,323,310,349,339
1 (3-15).jpg,600,800,mandarina verde,47,512,74,539
1 (3-15).jpg,600,800,mandarina verde,162,182,183,207
1 (3-15).jpg,600,800,mandarina verde,529,260,559,286
1 (3-15).jpg,600,800,mandarina verde,547,31,566,54
1 (3-15).jpg,600,800,mandarina naranja,435,456,452,473
1 (3-15).jpg,600,800,mandarina verde,245,235,273,263
1 (3-2).jpg,600,800,mandarina verde,79,158,109,190
1 (3-2).jpg,600,800,mandarina verde,108,167,133,196
1 (3-2).jpg,600,800,mandarina verde,78,315,96,335
1 (3-2).jpg,600,800,mandarina verde,42,226,62,247
1 (3-2).jpg,600,800,mandarina verde,63,239,81,258
1 (3-9).jpg,600,800,mandarina verde,3,329,32,360
1 (3-9).jpg,600,800,mandarina verde,23,340,57,373
1 (3-9).jpg,600,800,mandarina verde,14,592,42,617
1 (3-9).jpg,600,800,mandarina verde,531,449,562,478
1 (3-9).jpg,600,800,mandarina verde,515,379,547,403
1 (3-9).jpg,600,800,mandarina verde,340,180,363,206
1 (3-9).jpg,600,800,mandarina verde,92,695,114,718
1 (3-9).jpg,600,800,mandarina verde,76,704,102,730
1 (3-9).jpg,600,800,mandarina verde,68,587,98,614
1 (3-9).jpg,600,800,mandarina verde,66,435,93,460
1 (3-9).jpg,600,800,mandarina verde,577,502,600,527
1(2-19).jpg,600,800,mandarina verde,455,315,483,338
1(2-19).jpg,600,800,mandarina verde,511,299,536,325
1(2-19).jpg,600,800,mandarina verde,482,387,505,410
1(2-19).jpg,600,800,mandarina verde,148,418,166,435
1(2-19).jpg,600,800,mandarina verde,70,357,91,375
1(2-19).jpg,600,800,mandarina verde,454,300,472,318
1(2-19).jpg,600,800,mandarina verde,371,180,387,197
1(2-19).jpg,600,800,mandarina verde,394,182,414,199
1(2-19).jpg,600,800,mandarina verde,357,212,375,227
1(2-19).jpg,600,800,mandarina verde,83,494,100,510
1(2-19).jpg,600,800,mandarina verde,406,602,434,629
1(2-19).jpg,600,800,mandarina verde,565,359,591,387
1(2-19).jpg,600,800,mandarina verde,438,368,467,392
1(2-19).jpg,600,800,mandarina verde,201,423,217,438
1(2-19).jpg,600,800,mandarina verde,165,421,180,437
1(2-19).jpg,600,800,mandarina verde,136,414,153,431
1(2-19).jpg,600,800,mandarina verde,386,597,409,621
1(2-19).jpg,600,800,mandarina verde,47,692,66,712
1(2-19).jpg,600,800,mandarina verde,37,656,54,670
1(2-19).jpg,600,800,mandarina verde,41,678,61,698
1(2-19).jpg,600,800,mandarina verde,573,577,597,595
1(2-19).jpg,600,800,mandarina verde,530,644,555,672
1(2-19).jpg,600,800,mandarina verde,513,763,539,791
1(2-19).jpg,600,800,mandarina verde,468,690,481,705
1(2-19).jpg,600,800,mandarina verde,48,639,61,654
1(2-19).jpg,600,800,mandarina verde,435,540,452,561
1(2-19).jpg,600,800,mandarina verde,375,506,393,524
1(2-19).jpg,600,800,mandarina verde,255,602,273,620
1(2-19).jpg,600,800,mandarina verde,543,593,567,611
1(2-19).jpg,600,800,mandarina verde,525,522,547,539
1(2-19).jpg,600,800,mandarina verde,417,69,434,86
1(2-19).jpg,600,800,mandarina verde,368,75,384,93
1(2-19).jpg,600,800,mandarina verde,83,300,98,314
1(2-19).jpg,600,800,mandarina verde,205,314,219,330
1(2-19).jpg,600,800,mandarina verde,57,354,73,371
1(2-19).jpg,600,800,mandarina verde,184,306,196,320
1(2-19).jpg,600,800,mandarina verde,340,389,357,405
1(2-19).jpg,600,800,mandarina verde,378,232,390,247
1(2-19).jpg,600,800,mandarina verde,370,108,387,126
1(2-19).jpg,600,800,mandarina verde,543,248,561,268
1(2-19).jpg,600,800,mandarina verde,58,481,74,496
1(2-19).jpg,600,800,mandarina verde,458,494,474,509
1(2-19).jpg,600,800,mandarina verde,49,578,70,594
1(2-19).jpg,600,800,mandarina verde,144,721,158,737
1(2-19).jpg,600,800,mandarina verde,19,253,38,272
1(2-19).jpg,600,800,mandarina verde,1,246,17,265
1(2-19).jpg,600,800,mandarina verde,5,281,21,294
1(2-19).jpg,600,800,mandarina verde,188,364,202,376
1(2-19).jpg,600,800,mandarina verde,222,435,240,450
1(2-19).jpg,600,800,mandarina verde,412,272,428,288
2 (1-11).jpg,600,800,mandarina verde,294,700,311,716
2 (1-11).jpg,600,800,mandarina verde,276,691,294,709
2 (1-11).jpg,600,800,mandarina verde,77,612,100,635
2 (1-11).jpg,600,800,mandarina verde,181,621,200,641
2 (1-11).jpg,600,800,mandarina verde,204,644,224,662
2 (1-11).jpg,600,800,mandarina verde,292,608,311,627
2 (1-11).jpg,600,800,mandarina verde,261,645,280,665
2 (1-11).jpg,600,800,mandarina verde,294,627,314,647
2 (1-11).jpg,600,800,mandarina verde,255,598,276,617
2 (1-11).jpg,600,800,mandarina verde,13,608,37,631
2 (1-11).jpg,600,800,mandarina verde,142,623,164,645
2 (1-11).jpg,600,800,mandarina verde,193,629,211,651
2 (1-11).jpg,600,800,mandarina verde,61,359,83,377
2 (1-11).jpg,600,800,mandarina verde,220,367,243,386
2 (1-11).jpg,600,800,mandarina verde,210,385,232,404
2 (1-11).jpg,600,800,mandarina verde,245,583,265,597
2 (1-11).jpg,600,800,mandarina verde,277,650,296,671
2 (1-11).jpg,600,800,mandarina verde,320,662,340,681
2 (1-11).jpg,600,800,mandarina verde,340,706,358,727
2 (1-11).jpg,600,800,mandarina verde,385,647,406,667
2 (1-11).jpg,600,800,mandarina verde,215,445,237,466
2 (1-11).jpg,600,800,mandarina verde,227,428,246,453
2 (1-11).jpg,600,800,mandarina verde,203,406,226,428
2 (1-11).jpg,600,800,mandarina verde,278,605,293,624
2 (1-11).jpg,600,800,mandarina verde,517,581,537,599
2 (1-11).jpg,600,800,mandarina verde,490,568,510,585
2 (1-11).jpg,600,800,mandarina verde,538,582,555,602
2 (1-11).jpg,600,800,mandarina verde,450,557,469,578
2 (1-11).jpg,600,800,mandarina verde,411,568,430,585
2 (1-11).jpg,600,800,mandarina verde,406,486,426,506
2 (1-11).jpg,600,800,mandarina verde,154,572,171,589
2 (1-11).jpg,600,800,mandarina verde,1,340,17,357
2 (1-11).jpg,600,800,mandarina verde,229,451,248,471
2 (1-11).jpg,600,800,mandarina verde,509,284,529,305
2 (1-11).jpg,600,800,mandarina verde,283,411,304,432
2 (1-19).jpg,600,800,mandarina verde,378,698,416,735
2 (1-19).jpg,600,800,mandarina verde,383,650,416,683
2 (1-19).jpg,600,800,mandarina verde,156,599,192,627
2 (1-19).jpg,600,800,mandarina verde,499,495,516,510
2 (1-21).jpg,600,800,mandarina verde,265,273,292,295
2 (1-21).jpg,600,800,mandarina verde,187,335,213,357
2 (1-21).jpg,600,800,mandarina verde,110,274,139,300
2 (1-21).jpg,600,800,mandarina verde,341,549,365,573
2 (1-21).jpg,600,800,mandarina verde,462,610,481,630
2 (1-21).jpg,600,800,mandarina verde,268,628,291,653
2 (1-21).jpg,600,800,mandarina verde,448,661,471,684
2 (1-21).jpg,600,800,mandarina verde,305,702,323,723
2 (1-22).jpg,600,800,mandarina verde,130,734,154,760
2 (1-22).jpg,600,800,mandarina verde,149,698,172,723
2 (1-22).jpg,600,800,mandarina verde,60,668,88,690
2 (1-22).jpg,600,800,mandarina verde,113,675,137,696
2 (1-22).jpg,600,800,mandarina verde,241,610,264,635
2 (1-22).jpg,600,800,mandarina verde,264,608,282,630
2 (1-22).jpg,600,800,mandarina verde,286,561,316,590
2 (1-22).jpg,600,800,mandarina verde,308,539,337,568
2 (1-22).jpg,600,800,mandarina verde,354,602,373,621
2 (1-22).jpg,600,800,mandarina verde,237,635,259,654
2 (1-22).jpg,600,800,mandarina verde,144,325,167,346
2 (1-22).jpg,600,800,mandarina verde,173,321,193,340
2 (1-22).jpg,600,800,mandarina verde,68,220,91,242
2 (1-22).jpg,600,800,mandarina verde,80,354,100,370
2 (1-22).jpg,600,800,mandarina verde,415,338,440,361
2 (1-22).jpg,600,800,mandarina verde,318,126,338,146
2 (1-22).jpg,600,800,mandarina verde,299,363,323,385
2 (1-22).jpg,600,800,mandarina verde,14,352,39,373
2 (1-22).jpg,600,800,mandarina verde,357,134,373,150
2 (1-22).jpg,600,800,mandarina verde,583,421,600,441
2 (1-22).jpg,600,800,mandarina verde,587,534,600,553
2 (1-22).jpg,600,800,mandarina verde,20,498,41,518
2 (1-22).jpg,600,800,mandarina verde,177,398,196,416
2 (1-22).jpg,600,800,mandarina verde,302,400,327,421
2 (1-22).jpg,600,800,mandarina verde,219,359,242,377
2 (1-6).jpg,600,800,mandarina verde,204,528,241,561
2 (1-6).jpg,600,800,mandarina verde,537,382,555,406
2 (2-1).jpg,600,800,mandarina verde,521,635,544,655
2 (2-1).jpg,600,800,mandarina verde,305,677,332,702
2 (2-1).jpg,600,800,mandarina verde,336,697,358,717
2 (2-1).jpg,600,800,mandarina verde,311,499,333,521
2 (2-1).jpg,600,800,mandarina verde,465,630,488,651
2 (2-1).jpg,600,800,mandarina verde,198,676,219,693
2 (2-1).jpg,600,800,mandarina verde,316,468,337,489
2 (2-1).jpg,600,800,mandarina verde,346,425,366,441
2 (2-1).jpg,600,800,mandarina verde,302,371,322,389
2 (2-1).jpg,600,800,mandarina verde,290,432,311,451
2 (2-1).jpg,600,800,mandarina verde,156,222,179,246
2 (2-1).jpg,600,800,mandarina naranja,186,341,205,355
2 (2-1).jpg,600,800,mandarina verde,184,357,203,371
2 (2-1).jpg,600,800,mandarina verde,409,301,434,321
2 (2-1).jpg,600,800,mandarina naranja,544,354,569,372
2 (2-1).jpg,600,800,mandarina naranja,410,504,429,519
2 (2-1).jpg,600,800,mandarina verde,460,297,481,312
2 (2-1).jpg,600,800,mandarina verde,291,40,312,64
2 (2-1).jpg,600,800,mandarina verde,30,212,50,228
2 (2-1).jpg,600,800,mandarina verde,22,194,41,211
2 (2-1).jpg,600,800,mandarina verde,280,453,298,470
2 (2-1).jpg,600,800,mandarina naranja,402,521,419,541
2 (2-1).jpg,600,800,mandarina naranja,45,615,68,635
2 (2-1).jpg,600,800,mandarina naranja,76,409,93,423
2 (2-1).jpg,600,800,mandarina naranja,2,617,26,639
2 (2-1).jpg,600,800,mandarina verde,257,634,280,651
2 (2-1).jpg,600,800,mandarina naranja,33,365,54,381
2 (2-1).jpg,600,800,mandarina verde,324,703,343,726
2 (2-1).jpg,600,800,mandarina naranja,123,344,140,358
2 (2-1).jpg,600,800,mandarina verde,96,403,117,417
2 (2-14).jpg,600,800,mandarina naranja,303,603,321,620
2 (2-14).jpg,600,800,mandarina verde,188,512,204,529
2 (2-14).jpg,600,800,mandarina verde,299,394,323,416
2 (2-14).jpg,600,800,mandarina verde,226,407,246,425
2 (2-14).jpg,600,800,mandarina verde,70,680,89,696
2 (2-14).jpg,600,800,mandarina verde,37,652,56,669
2 (2-14).jpg,600,800,mandarina naranja,228,165,247,185
2 (2-14).jpg,600,800,mandarina verde,274,211,293,229
2 (2-14).jpg,600,800,mandarina naranja,144,330,162,345
2 (2-14).jpg,600,800,mandarina naranja,470,362,484,379
2 (2-14).jpg,600,800,mandarina naranja,468,262,486,278
2 (2-14).jpg,600,800,mandarina verde,304,243,319,258
2 (2-14).jpg,600,800,mandarina verde,172,339,186,357
2 (2-14).jpg,600,800,mandarina verde,391,298,409,313
2 (2-14).jpg,600,800,mandarina naranja,486,254,502,270
2 (2-14).jpg,600,800,mandarina naranja,485,346,499,362
2 (2-14).jpg,600,800,mandarina verde,262,772,282,791
2 (2-14).jpg,600,800,mandarina verde,46,686,66,699
2 (2-14).jpg,600,800,mandarina naranja,279,567,297,583
2 (2-14).jpg,600,800,mandarina verde,566,365,582,377
2 (2-14).jpg,600,800,mandarina naranja,284,137,296,147
2 (2-14).jpg,600,800,mandarina naranja,108,343,123,355
2 (2-14).jpg,600,800,mandarina naranja,274,144,285,154
2 (2-14).jpg,600,800,mandarina verde,291,348,307,362
2 (2-14).jpg,600,800,mandarina verde,307,695,325,713
2 (2-14).jpg,600,800,mandarina verde,140,655,159,673
2 (2-14).jpg,600,800,mandarina verde,487,537,503,549
2 (2-14).jpg,600,800,mandarina naranja,459,443,478,457
2 (2-14).jpg,600,800,mandarina naranja,379,436,394,448
2 (2-14).jpg,600,800,mandarina naranja,511,252,529,267
2 (2-14).jpg,600,800,mandarina verde,565,305,579,316
2 (2-14).jpg,600,800,mandarina verde,537,544,553,555
2 (2-14).jpg,600,800,mandarina verde,582,361,594,376
2 (2-14).jpg,600,800,mandarina naranja,281,123,294,136
2 (2-14).jpg,600,800,mandarina naranja,144,345,160,358
2 (2-23).jpg,600,800,mandarina verde,203,663,222,680
2 (2-23).jpg,600,800,mandarina verde,348,685,365,702
2 (2-23).jpg,600,800,mandarina naranja,326,437,349,458
2 (2-23).jpg,600,800,mandarina verde,234,654,252,675
2 (2-23).jpg,600,800,mandarina verde,283,454,300,474
2 (2-23).jpg,600,800,mandarina verde,491,571,516,587
2 (2-23).jpg,600,800,mandarina verde,235,263,268,298
2 (2-23).jpg,600,800,mandarina verde,341,197,364,217
2 (2-23).jpg,600,800,mandarina verde,205,320,229,345
2 (2-23).jpg,600,800,mandarina verde,132,149,157,172
2 (2-23).jpg,600,800,mandarina naranja,115,97,141,123
2 (2-23).jpg,600,800,mandarina naranja,159,292,175,305
2 (2-23).jpg,600,800,mandarina verde,316,216,334,233
2 (2-23).jpg,600,800,mandarina verde,272,167,291,185
2 (2-23).jpg,600,800,mandarina verde,409,134,428,151
2 (2-23).jpg,600,800,mandarina verde,95,179,113,197
2 (2-23).jpg,600,800,mandarina verde,49,145,75,174
2 (2-23).jpg,600,800,mandarina verde,340,180,360,197
2 (2-23).jpg,600,800,mandarina verde,523,141,538,154
2 (2-23).jpg,600,800,mandarina verde,540,146,555,158
2 (2-23).jpg,600,800,mandarina verde,470,341,486,355
2 (2-23).jpg,600,800,mandarina verde,121,721,145,745
2 (2-23).jpg,600,800,mandarina naranja,109,473,129,486
2 (2-23).jpg,600,800,mandarina verde,365,647,383,662
2 (2-5).jpg,600,800,mandarina verde,89,776,107,796
2 (2-5).jpg,600,800,mandarina verde,106,737,121,752
2 (2-5).jpg,600,800,mandarina verde,134,731,153,750
2 (2-5).jpg,600,800,mandarina verde,82,632,100,650
2 (2-5).jpg,600,800,mandarina verde,344,603,379,626
2 (2-5).jpg,600,800,mandarina verde,319,625,354,652
2 (2-5).jpg,600,800,mandarina verde,292,614,322,637
2 (2-5).jpg,600,800,mandarina verde,267,554,302,582
2 (2-5).jpg,600,800,mandarina naranja,53,577,76,601
2 (2-5).jpg,600,800,mandarina verde,314,554,342,581
2 (2-5).jpg,600,800,mandarina verde,356,538,382,570
2 (2-5).jpg,600,800,mandarina verde,190,420,212,436
2 (2-5).jpg,600,800,mandarina verde,424,418,459,445
2 (2-5).jpg,600,800,mandarina naranja,489,516,513,533
2 (2-5).jpg,600,800,mandarina verde,185,647,201,664
2 (2-5).jpg,600,800,mandarina verde,570,478,591,496
2 (2-5).jpg,600,800,mandarina naranja,210,235,234,255
2 (2-5).jpg,600,800,mandarina verde,120,381,145,402
2 (2-5).jpg,600,800,mandarina naranja,27,124,56,152
2 (2-5).jpg,600,800,mandarina naranja,230,242,255,262
2 (2-5).jpg,600,800,mandarina verde,248,409,264,424
2 (2-5).jpg,600,800,mandarina naranja,244,361,262,377
2 (2-5).jpg,600,800,mandarina verde,405,357,430,381
2 (2-5).jpg,600,800,mandarina verde,226,507,244,525
2 (2-5).jpg,600,800,mandarina naranja,22,167,46,187
2 (2-5).jpg,600,800,mandarina naranja,384,87,405,110
2 (2-5).jpg,600,800,mandarina verde,424,309,455,333
2 (2-5).jpg,600,800,mandarina verde,499,437,522,456
2 (2-5).jpg,600,800,mandarina verde,364,426,399,452
2 (2-5).jpg,600,800,mandarina verde,496,156,522,177
2 (2-5).jpg,600,800,mandarina verde,101,272,119,288
2 (2-5).jpg,600,800,mandarina verde,140,248,163,265
2 (2-5).jpg,600,800,mandarina naranja,311,159,326,174
2 (2-5).jpg,600,800,mandarina naranja,341,269,356,283
2 (2-5).jpg,600,800,mandarina verde,264,332,287,352
2 (2-5).jpg,600,800,mandarina verde,432,354,462,374
2 (2-5).jpg,600,800,mandarina verde,397,498,422,517
2 (2-5).jpg,600,800,mandarina verde,314,129,333,145
2 (2-5).jpg,600,800,mandarina verde,9,213,39,234
2 (2-5).jpg,600,800,mandarina verde,558,664,577,677
2 (2-5).jpg,600,800,mandarina verde,520,262,547,287
2 (2-5).jpg,600,800,mandarina verde,69,375,88,390
2 (2-5).jpg,600,800,mandarina verde,53,378,69,391
2 (2-5).jpg,600,800,mandarina naranja,397,56,409,73
2 (2-5).jpg,600,800,mandarina naranja,379,209,397,227
2 (2-5).jpg,600,800,mandarina naranja,416,201,431,214
2 (2-5).jpg,600,800,mandarina naranja,424,549,445,567
2 (2-5).jpg,600,800,mandarina naranja,499,102,516,117
2 (2-5).jpg,600,800,mandarina naranja,488,94,499,112
2 (2-6).jpg,600,800,mandarina verde,205,744,226,762
2 (2-6).jpg,600,800,mandarina verde,134,629,157,648
2 (2-6).jpg,600,800,mandarina verde,108,532,133,553
2 (2-6).jpg,600,800,mandarina verde,410,535,434,560
2 (2-6).jpg,600,800,mandarina verde,551,470,572,487
2 (2-6).jpg,600,800,mandarina verde,381,601,406,622
2 (2-6).jpg,600,800,mandarina verde,391,545,413,566
2 (2-6).jpg,600,800,mandarina verde,137,488,160,504
2 (2-6).jpg,600,800,mandarina verde,132,461,156,478
2 (2-6).jpg,600,800,mandarina naranja,151,332,177,354
2 (2-6).jpg,600,800,mandarina verde,152,446,170,461
2 (2-6).jpg,600,800,mandarina verde,59,399,83,418
2 (2-6).jpg,600,800,mandarina verde,28,392,50,410
2 (2-6).jpg,600,800,mandarina verde,113,549,137,563
2 (2-6).jpg,600,800,mandarina verde,330,510,350,528
2 (2-6).jpg,600,800,mandarina verde,141,724,161,744
2 (2-6).jpg,600,800,mandarina verde,203,760,226,776
2 (2-6).jpg,600,800,mandarina verde,484,621,508,642
2 (2-6).jpg,600,800,mandarina verde,273,558,293,575
2 (2-6).jpg,600,800,mandarina verde,484,526,504,545
2 (2-6).jpg,600,800,mandarina verde,403,617,426,636
2 (2-6).jpg,600,800,mandarina verde,321,656,338,680
2 (2-6).jpg,600,800,mandarina verde,540,407,561,424
2 (2-6).jpg,600,800,mandarina verde,578,443,597,460
2 (2-6).jpg,600,800,mandarina verde,456,640,474,656
2 (2-6).jpg,600,800,mandarina verde,173,754,194,773
2 (2-6).jpg,600,800,mandarina verde,508,558,529,574
2 (2-6).jpg,600,800,mandarina naranja,147,377,167,396
2 (2-6).jpg,600,800,mandarina verde,238,338,270,372
2 (2-6).jpg,600,800,mandarina verde,362,279,394,305
2 (2-6).jpg,600,800,mandarina verde,287,465,310,481
2 (2-6).jpg,600,800,mandarina verde,279,442,297,460
2 (2-6).jpg,600,800,mandarina verde,364,438,381,450
2 (2-6).jpg,600,800,mandarina verde,527,275,554,295
2 (2-6).jpg,600,800,mandarina verde,135,263,164,288
2 (2-6).jpg,600,800,mandarina naranja,104,249,133,279
2 (2-6).jpg,600,800,mandarina verde,56,245,81,271
2 (2-6).jpg,600,800,mandarina verde,238,89,267,120
2 (2-6).jpg,600,800,mandarina verde,431,267,456,292
2 (2-6).jpg,600,800,mandarina verde,498,253,524,277
2 (2-6).jpg,600,800,mandarina naranja,118,351,140,365
2 (2-6).jpg,600,800,mandarina verde,24,234,52,262
2 (2-6).jpg,600,800,mandarina naranja,18,283,39,306
2 (2-6).jpg,600,800,mandarina verde,23,263,52,287
2 (2-6).jpg,600,800,mandarina verde,184,125,213,156
2 (2-6).jpg,600,800,mandarina verde,88,426,108,449
2 (2-6).jpg,600,800,mandarina verde,431,137,448,154
2 (2-6).jpg,600,800,mandarina verde,479,72,498,91
2 (2-6).jpg,600,800,mandarina verde,485,106,500,129
2 (2-6).jpg,600,800,mandarina verde,349,165,375,191
2 (2-6).jpg,600,800,mandarina verde,262,133,283,152
2 (2-6).jpg,600,800,mandarina verde,181,365,204,385
2 (2-6).jpg,600,800,mandarina verde,278,308,296,327
2 (2-6).jpg,600,800,mandarina verde,312,288,335,307
2 (2-6).jpg,600,800,mandarina verde,487,281,511,306
2 (2-6).jpg,600,800,mandarina verde,414,134,432,152
2 (2-6).jpg,600,800,mandarina verde,366,129,384,146
2 (2-6).jpg,600,800,mandarina verde,398,44,422,69
2 (2-6).jpg,600,800,mandarina verde,470,108,485,127
2 (2-6).jpg,600,800,mandarina verde,254,163,270,183
2 (2-6).jpg,600,800,mandarina verde,230,60,249,80
2 (2-6).jpg,600,800,mandarina verde,224,39,242,60
2 (2-6).jpg,600,800,mandarina verde,360,40,377,59
2 (2-6).jpg,600,800,mandarina verde,344,31,363,51
2 (2-6).jpg,600,800,mandarina verde,443,98,460,118
2 (2-6).jpg,600,800,mandarina verde,380,60,399,84
2 (2-6).jpg,600,800,mandarina verde,398,101,422,123
2 (2-6).jpg,600,800,mandarina verde,552,277,573,298
2 (2-6).jpg,600,800,mandarina verde,453,320,467,334
2 (2-6).jpg,600,800,mandarina verde,325,319,353,342
2 (3-10).jpg,600,800,mandarina verde,400,746,418,766
2 (3-10).jpg,600,800,mandarina verde,92,696,108,713
2 (3-10).jpg,600,800,mandarina verde,346,620,361,634
2 (3-10).jpg,600,800,mandarina verde,394,516,410,535
2 (3-10).jpg,600,800,mandarina verde,416,779,433,795
2 (3-10).jpg,600,800,mandarina verde,528,449,544,462
2 (3-10).jpg,600,800,mandarina verde,402,329,423,345
2 (3-10).jpg,600,800,mandarina verde,400,308,421,327
2 (3-10).jpg,600,800,mandarina verde,397,256,415,271
2 (3-10).jpg,600,800,mandarina verde,341,318,362,334
2 (3-10).jpg,600,800,mandarina verde,149,212,162,221
2 (3-10).jpg,600,800,mandarina verde,85,403,98,416
2 (3-10).jpg,600,800,mandarina verde,155,353,169,366
2 (3-10).jpg,600,800,mandarina verde,245,396,259,409
2 (3-10).jpg,600,800,mandarina verde,470,348,483,360
2 (3-10).jpg,600,800,mandarina verde,554,444,570,456
2 (3-10).jpg,600,800,mandarina verde,403,721,417,739
2 (3-10).jpg,600,800,mandarina verde,150,401,163,415
2 (3-2).jpg,600,800,mandarina verde,508,612,530,633
2 (3-2).jpg,600,800,mandarina verde,520,581,546,605
2 (3-2).jpg,600,800,mandarina verde,543,573,562,595
2 (3-2).jpg,600,800,mandarina verde,506,64,532,97
2 (3-2).jpg,600,800,mandarina verde,55,220,73,243
2 (3-2).jpg,600,800,mandarina verde,372,405,387,421
2 (3-2).jpg,600,800,mandarina verde,386,398,404,417
2 (3-2).jpg,600,800,mandarina verde,567,386,596,405
2 (3-2).jpg,600,800,mandarina verde,542,11,558,32
2 (3-2).jpg,600,800,mandarina verde,139,397,160,412
2 (3-20).jpg,600,800,mandarina verde,295,479,327,504
2 (3-20).jpg,600,800,mandarina verde,319,460,344,485
2 (3-20).jpg,600,800,mandarina verde,145,516,163,532
2 (3-20).jpg,600,800,mandarina verde,115,516,136,529
2 (3-20).jpg,600,800,mandarina verde,289,399,316,423
2 (3-20).jpg,600,800,mandarina verde,517,235,532,253
2 (3-20).jpg,600,800,mandarina verde,99,274,117,289
2 (3-20).jpg,600,800,mandarina verde,359,227,381,249
2 (3-20).jpg,600,800,mandarina verde,75,268,92,285
2 (3-21).jpg,600,800,mandarina verde,373,752,410,790
2 (3-21).jpg,600,800,mandarina verde,163,673,186,697
2 (3-21).jpg,600,800,mandarina verde,384,555,414,587
2 (3-21).jpg,600,800,mandarina verde,372,540,398,563
2 (3-21).jpg,600,800,mandarina verde,67,530,87,544
2 (3-21).jpg,600,800,mandarina verde,11,598,29,613
2 (3-21).jpg,600,800,mandarina verde,338,506,364,524
2 (3-21).jpg,600,800,mandarina verde,257,164,291,204
2 (3-21).jpg,600,800,mandarina verde,548,131,574,156
2 (3-21).jpg,600,800,mandarina verde,519,122,541,141
2 (3-21).jpg,600,800,mandarina verde,109,125,137,153
2 (3-21).jpg,600,800,mandarina verde,203,413,229,431
2 (3-21).jpg,600,800,mandarina verde,70,332,90,348
2 (3-21).jpg,600,800,mandarina verde,64,313,85,328
2 (3-21).jpg,600,800,mandarina verde,130,227,155,243
2 (3-21).jpg,600,800,mandarina verde,110,84,136,107
2 (3-21).jpg,600,800,mandarina verde,457,149,479,169
2 (3-21).jpg,600,800,mandarina verde,539,246,561,268
2 (3-21).jpg,600,800,mandarina naranja,497,293,513,306
2 (3-21).jpg,600,800,mandarina verde,485,166,504,183
2 (3-21).jpg,600,800,mandarina verde,247,559,278,587
2 (3-21).jpg,600,800,mandarina verde,156,454,183,475
2 (3-21).jpg,600,800,mandarina verde,170,483,202,511
3 (1-17).jpg,600,800,mandarina verde,285,662,317,691
3 (1-17).jpg,600,800,mandarina verde,157,685,187,713
3 (1-17).jpg,600,800,mandarina verde,56,663,82,690
3 (1-17).jpg,600,800,mandarina verde,31,651,53,670
3 (1-24).jpg,600,800,mandarina verde,368,557,394,586
3 (1-24).jpg,600,800,mandarina verde,474,598,493,620
3 (1-24).jpg,600,800,mandarina verde,98,479,123,497
3 (1-24).jpg,600,800,mandarina verde,263,486,287,501
3 (1-24).jpg,600,800,mandarina verde,483,623,501,639
3 (2-20).jpg,600,800,mandarina verde,228,674,253,699
3 (2-20).jpg,600,800,mandarina verde,352,666,381,688
3 (2-20).jpg,600,800,mandarina verde,386,359,406,376
3 (2-20).jpg,600,800,mandarina naranja,553,323,570,339
3 (2-20).jpg,600,800,mandarina verde,363,243,386,260
3 (2-20).jpg,600,800,mandarina naranja,357,214,376,228
3 (2-20).jpg,600,800,mandarina naranja,332,207,352,222
3 (2-20).jpg,600,800,mandarina verde,152,426,165,437
3 (2-20).jpg,600,800,mandarina verde,89,271,111,287
3 (2-20).jpg,600,800,mandarina verde,168,269,182,285
3 (2-20).jpg,600,800,mandarina naranja,185,246,200,263
3 (2-20).jpg,600,800,mandarina naranja,37,406,55,418
3 (2-20).jpg,600,800,mandarina naranja,32,414,48,424
3 (2-20).jpg,600,800,mandarina naranja,33,352,48,367
3 (2-20).jpg,600,800,mandarina verde,381,444,401,463
3 (2-20).jpg,600,800,mandarina verde,321,442,342,462
3 (2-20).jpg,600,800,mandarina verde,371,388,394,404
3 (2-20).jpg,600,800,mandarina verde,100,200,122,217
3 (2-20).jpg,600,800,mandarina verde,119,207,137,222
3 (2-20).jpg,600,800,mandarina verde,470,207,491,225
3 (2-20).jpg,600,800,mandarina verde,448,204,465,221
3 (2-20).jpg,600,800,mandarina naranja,63,772,78,787
3 (2-20).jpg,600,800,mandarina verde,458,721,479,738
3 (2-20).jpg,600,800,mandarina naranja,288,539,307,556
3 (2-20).jpg,600,800,mandarina naranja,364,346,383,357
3 (2-20).jpg,600,800,mandarina verde,566,563,585,582
3 (2-20).jpg,600,800,mandarina verde,557,359,575,372
3 (2-20).jpg,600,800,mandarina naranja,542,337,558,352
3 (2-20).jpg,600,800,mandarina verde,532,685,556,701
3 (2-20).jpg,600,800,mandarina verde,561,590,580,604
3 (2-20).jpg,600,800,mandarina verde,348,496,372,513
3 (2-20).jpg,600,800,mandarina verde,333,492,350,509
3 (2-20).jpg,600,800,mandarina verde,417,598,436,614
3 (2-20).jpg,600,800,mandarina verde,46,390,61,403
3 (2-20).jpg,600,800,mandarina verde,137,333,161,348
3 (2-20).jpg,600,800,mandarina naranja,349,286,364,300
3 (2-20).jpg,600,800,mandarina verde,457,265,470,277
3 (2-20).jpg,600,800,mandarina verde,255,374,272,389
3 (2-20).jpg,600,800,mandarina naranja,440,331,463,343
3 (2-22).jpg,600,800,mandarina verde,423,754,436,766
3 (2-22).jpg,600,800,mandarina naranja,248,700,271,717
3 (2-22).jpg,600,800,mandarina naranja,256,601,287,623
3 (2-22).jpg,600,800,mandarina naranja,350,550,378,572
3 (2-22).jpg,600,800,mandarina naranja,388,440,413,459
3 (2-22).jpg,600,800,mandarina verde,227,462,255,484
3 (2-22).jpg,600,800,mandarina naranja,180,477,203,499
3 (2-22).jpg,600,800,mandarina verde,267,533,292,555
3 (2-22).jpg,600,800,mandarina naranja,230,492,258,512
3 (2-22).jpg,600,800,mandarina naranja,259,658,283,675
3 (2-22).jpg,600,800,mandarina naranja,204,523,232,543
3 (2-22).jpg,600,800,mandarina verde,92,560,117,581
3 (2-22).jpg,600,800,mandarina verde,112,438,142,466
3 (2-22).jpg,600,800,mandarina verde,145,423,176,446
3 (2-22).jpg,600,800,mandarina naranja,174,530,201,552
3 (2-22).jpg,600,800,mandarina verde,306,441,324,461
3 (2-22).jpg,600,800,mandarina naranja,365,435,388,450
3 (2-22).jpg,600,800,mandarina naranja,396,416,423,439
3 (2-22).jpg,600,800,mandarina verde,310,595,335,618
3 (2-22).jpg,600,800,mandarina verde,140,644,157,662
3 (2-22).jpg,600,800,mandarina verde,215,666,231,685
3 (2-22).jpg,600,800,mandarina verde,199,669,212,683
3 (2-22).jpg,600,800,mandarina verde,486,627,499,639
3 (2-22).jpg,600,800,mandarina verde,401,487,421,501
3 (2-22).jpg,600,800,mandarina verde,510,545,523,556
3 (2-22).jpg,600,800,mandarina naranja,272,315,288,327
3 (2-22).jpg,600,800,mandarina naranja,320,274,341,288
3 (2-22).jpg,600,800,mandarina naranja,341,275,361,291
3 (2-22).jpg,600,800,mandarina naranja,319,247,337,263
3 (2-22).jpg,600,800,mandarina naranja,404,253,422,272
3 (2-22).jpg,600,800,mandarina naranja,465,379,479,392
3 (2-22).jpg,600,800,mandarina naranja,478,387,495,403
3 (2-22).jpg,600,800,mandarina verde,566,461,580,475
3 (2-22).jpg,600,800,mandarina verde,579,463,590,473
3 (2-22).jpg,600,800,mandarina verde,555,397,573,413
3 (2-22).jpg,600,800,mandarina naranja,405,277,422,288
3 (2-22).jpg,600,800,mandarina verde,550,365,568,378
3 (2-22).jpg,600,800,mandarina naranja,388,379,411,394
3 (2-22).jpg,600,800,mandarina verde,578,303,591,316
3 (2-22).jpg,600,800,mandarina naranja,425,242,438,251
3 (2-22).jpg,600,800,mandarina verde,307,316,325,330
3 (2-22).jpg,600,800,mandarina naranja,187,190,206,207
3 (2-22).jpg,600,800,mandarina naranja,133,220,152,236
3 (2-22).jpg,600,800,mandarina naranja,167,162,188,181
3 (2-22).jpg,600,800,mandarina naranja,199,141,217,157
3 (2-22).jpg,600,800,mandarina verde,236,93,249,107
3 (2-22).jpg,600,800,mandarina verde,234,75,245,88
3 (2-22).jpg,600,800,mandarina verde,186,90,205,110
3 (2-22).jpg,600,800,mandarina verde,168,91,185,108
3 (2-22).jpg,600,800,mandarina naranja,73,145,93,162
3 (2-22).jpg,600,800,mandarina naranja,62,454,93,479
3 (2-22).jpg,600,800,mandarina verde,33,477,49,492
3 (2-22).jpg,600,800,mandarina verde,14,493,30,507
3 (2-22).jpg,600,800,mandarina verde,10,582,33,597
3 (2-22).jpg,600,800,mandarina verde,7,456,27,472
3 (2-22).jpg,600,800,mandarina verde,406,642,424,660
3 (2-22).jpg,600,800,mandarina naranja,342,691,357,704
3 (2-22).jpg,600,800,mandarina verde,407,580,416,598
3 (2-22).jpg,600,800,mandarina verde,96,446,112,472
3 (2-22).jpg,600,800,mandarina verde,262,434,281,456
3 (2-23).jpg,600,800,mandarina verde,293,437,314,463
3 (2-23).jpg,600,800,mandarina verde,271,432,294,457
3 (2-23).jpg,600,800,mandarina verde,293,305,316,330
3 (2-23).jpg,600,800,mandarina verde,213,292,237,314
3 (2-23).jpg,600,800,mandarina verde,213,189,237,213
3 (2-23).jpg,600,800,mandarina verde,48,483,68,497
3 (2-23).jpg,600,800,mandarina verde,111,329,139,354
3 (2-23).jpg,600,800,mandarina naranja,55,397,79,416
3 (2-23).jpg,600,800,mandarina verde,82,333,105,356
3 (2-23).jpg,600,800,mandarina verde,240,199,260,222
3 (2-23).jpg,600,800,mandarina verde,168,588,190,609
3 (2-23).jpg,600,800,mandarina verde,228,478,251,499
3 (2-23).jpg,600,800,mandarina verde,432,318,459,342
3 (2-23).jpg,600,800,mandarina verde,423,340,450,361
3 (2-23).jpg,600,800,mandarina naranja,549,232,581,258
3 (2-23).jpg,600,800,mandarina naranja,476,220,495,240
3 (2-23).jpg,600,800,mandarina verde,218,214,239,238
3 (2-23).jpg,600,800,mandarina verde,170,251,189,268
3 (2-23).jpg,600,800,mandarina verde,166,225,187,245
3 (2-23).jpg,600,800,mandarina verde,233,288,249,313
3 (2-23).jpg,600,800,mandarina verde,210,536,241,557
3 (2-23).jpg,600,800,mandarina verde,150,551,175,570
3 (2-23).jpg,600,800,mandarina naranja,221,576,243,593
3 (2-23).jpg,600,800,mandarina verde,241,548,263,565
3 (2-23).jpg,600,800,mandarina verde,244,516,265,537
3 (2-23).jpg,600,800,mandarina verde,245,457,265,479
3 (2-23).jpg,600,800,mandarina verde,326,637,350,656
3 (2-23).jpg,600,800,mandarina verde,358,613,381,631
3 (2-23).jpg,600,800,mandarina verde,473,666,498,681
3 (2-23).jpg,600,800,mandarina verde,190,621,210,640
3 (2-23).jpg,600,800,mandarina verde,252,480,265,498
3 (2-23).jpg,600,800,mandarina naranja,576,184,598,206
3 (2-23).jpg,600,800,mandarina naranja,542,114,572,144
3 (2-23).jpg,600,800,mandarina naranja,538,92,564,114
3 (2-23).jpg,600,800,mandarina verde,155,417,176,437
3 (2-23).jpg,600,800,mandarina verde,14,305,40,322
3 (2-23).jpg,600,800,mandarina verde,295,369,312,381
3 (2-23).jpg,600,800,mandarina verde,330,500,348,518
3 (2-4).jpg,600,800,mandarina naranja,395,688,422,707
3 (2-4).jpg,600,800,mandarina verde,440,452,469,475
3 (2-4).jpg,600,800,mandarina verde,446,469,479,484
3 (2-4).jpg,600,800,mandarina verde,449,484,481,495
3 (2-4).jpg,600,800,mandarina verde,453,496,485,518
3 (2-4).jpg,600,800,mandarina naranja,158,624,179,644
3 (2-4).jpg,600,800,mandarina naranja,242,613,265,630
3 (2-4).jpg,600,800,mandarina verde,325,619,343,638
3 (2-4).jpg,600,800,mandarina verde,351,585,375,603
3 (2-4).jpg,600,800,mandarina verde,98,613,125,634
3 (2-4).jpg,600,800,mandarina naranja,126,592,150,605
3 (2-4).jpg,600,800,mandarina verde,239,486,260,502
3 (2-4).jpg,600,800,mandarina verde,256,473,276,492
3 (2-4).jpg,600,800,mandarina naranja,88,631,108,644
3 (2-4).jpg,600,800,mandarina naranja,57,617,79,632
3 (2-4).jpg,600,800,mandarina verde,308,595,326,612
3 (2-4).jpg,600,800,mandarina verde,481,684,493,702
3 (2-4).jpg,600,800,mandarina naranja,26,556,44,568
3 (2-4).jpg,600,800,mandarina naranja,17,436,41,452
3 (2-4).jpg,600,800,mandarina naranja,105,396,126,411
3 (2-4).jpg,600,800,mandarina verde,208,404,225,415
3 (2-4).jpg,600,800,mandarina verde,544,483,564,500
3 (2-4).jpg,600,800,mandarina verde,550,648,568,665
3 (2-4).jpg,600,800,mandarina verde,585,513,597,522
3 (2-4).jpg,600,800,mandarina naranja,237,469,255,485
3 (2-4).jpg,600,800,mandarina verde,534,384,553,402
3 (2-4).jpg,600,800,mandarina verde,330,325,345,336
3 (2-4).jpg,600,800,mandarina verde,213,334,233,354
3 (2-4).jpg,600,800,mandarina verde,181,388,195,400
3 (2-4).jpg,600,800,mandarina naranja,476,326,494,342
3 (2-4).jpg,600,800,mandarina verde,296,142,316,163
3 (2-4).jpg,600,800,mandarina verde,275,137,297,159
3 (2-4).jpg,600,800,mandarina naranja,305,114,321,134
3 (2-4).jpg,600,800,mandarina naranja,289,122,307,141
3 (2-4).jpg,600,800,mandarina naranja,145,120,165,139
3 (2-4).jpg,600,800,mandarina naranja,228,190,242,204
3 (2-4).jpg,600,800,mandarina verde,201,283,218,298
3 (2-4).jpg,600,800,mandarina naranja,289,165,309,185
3 (2-4).jpg,600,800,mandarina verde,139,265,156,279
3 (2-4).jpg,600,800,mandarina verde,565,336,588,356
3 (2-4).jpg,600,800,mandarina verde,487,360,506,376
3 (2-4).jpg,600,800,mandarina naranja,312,274,330,290
3 (2-4).jpg,600,800,mandarina verde,295,224,314,242
3 (2-4).jpg,600,800,mandarina verde,372,204,388,217
3 (2-4).jpg,600,800,mandarina verde,385,305,395,315
3 (2-4).jpg,600,800,mandarina verde,385,260,396,271
3 (2-4).jpg,600,800,mandarina verde,445,164,456,176
3 (2-4).jpg,600,800,mandarina naranja,400,212,414,224
3 (2-4).jpg,600,800,mandarina verde,1,435,14,452
3 (2-4).jpg,600,800,mandarina verde,272,573,290,593
3 (2-4).jpg,600,800,mandarina verde,274,590,290,607
3 (2-4).jpg,600,800,mandarina naranja,51,487,64,499
3 (2-4).jpg,600,800,mandarina naranja,44,545,59,555
3 (2-4).jpg,600,800,mandarina naranja,46,532,62,542
3 (2-4).jpg,600,800,mandarina naranja,84,193,103,209
3 (2-4).jpg,600,800,mandarina naranja,240,543,258,561
3 (2-5).jpg,600,800,mandarina verde,311,494,337,515
3 (2-5).jpg,600,800,mandarina verde,276,468,301,490
3 (2-5).jpg,600,800,mandarina verde,399,608,424,629
3 (2-5).jpg,600,800,mandarina verde,430,575,455,594
3 (2-5).jpg,600,800,mandarina verde,326,719,349,742
3 (2-5).jpg,600,800,mandarina verde,443,362,467,381
3 (2-5).jpg,600,800,mandarina verde,272,615,296,638
3 (2-5).jpg,600,800,mandarina verde,207,573,232,588
3 (2-5).jpg,600,800,mandarina verde,350,717,372,735
3 (2-5).jpg,600,800,mandarina verde,185,771,201,786
3 (2-5).jpg,600,800,mandarina verde,363,596,388,611
3 (2-5).jpg,600,800,mandarina verde,376,642,394,657
3 (2-5).jpg,600,800,mandarina verde,136,345,157,362
3 (2-5).jpg,600,800,mandarina verde,91,364,110,377
3 (2-5).jpg,600,800,mandarina verde,147,206,169,226
3 (2-5).jpg,600,800,mandarina verde,232,203,250,222
3 (2-5).jpg,600,800,mandarina naranja,484,229,503,244
3 (2-5).jpg,600,800,mandarina naranja,307,265,329,282
3 (2-5).jpg,600,800,mandarina verde,330,374,352,390
3 (2-5).jpg,600,800,mandarina verde,462,344,483,364
3 (2-5).jpg,600,800,mandarina verde,501,377,517,398
3 (2-5).jpg,600,800,mandarina verde,81,239,98,256
3 (2-5).jpg,600,800,mandarina naranja,30,465,49,478
3 (2-5).jpg,600,800,mandarina verde,197,150,220,173
3 (2-5).jpg,600,800,mandarina verde,465,140,487,160
3 (2-5).jpg,600,800,mandarina naranja,421,253,443,274
3 (2-5).jpg,600,800,mandarina verde,300,359,318,370
3 (2-5).jpg,600,800,mandarina verde,361,265,378,282
3 (2-5).jpg,600,800,mandarina verde,426,349,445,370
3 (2-5).jpg,600,800,mandarina verde,473,376,490,391
3 (2-5).jpg,600,800,mandarina naranja,443,383,467,403
3 (2-5).jpg,600,800,mandarina verde,221,144,239,164
3 (2-5).jpg,600,800,mandarina verde,140,118,160,139
3 (2-5).jpg,600,800,mandarina verde,207,65,224,82
3 (2-5).jpg,600,800,mandarina verde,387,60,404,78
3 (2-5).jpg,600,800,mandarina verde,77,336,93,349
3 (2-5).jpg,600,800,mandarina verde,155,228,175,241
3 (2-5).jpg,600,800,mandarina verde,4,301,19,313
3 (2-5).jpg,600,800,mandarina verde,249,38,264,54
3 (2-5).jpg,600,800,mandarina naranja,374,244,389,257
3 (2-5).jpg,600,800,mandarina verde,8,337,24,353
3 (2-5).jpg,600,800,mandarina verde,429,320,447,340
3 (2-5).jpg,600,800,mandarina naranja,213,314,230,329
3 (2-5).jpg,600,800,mandarina verde,269,88,284,107
3 (2-5).jpg,600,800,mandarina naranja,384,726,399,743
3 (2-5).jpg,600,800,mandarina naranja,453,692,466,708
3 (2-5).jpg,600,800,mandarina naranja,477,697,495,714
3 (2-5).jpg,600,800,mandarina verde,115,644,133,661
3 (3-10).jpg,600,800,mandarina verde,198,494,220,514
3 (3-10).jpg,600,800,mandarina verde,345,377,369,405
3 (3-10).jpg,600,800,mandarina verde,245,258,276,285
3 (3-10).jpg,600,800,mandarina verde,320,597,344,619
3 (3-10).jpg,600,800,mandarina verde,459,547,477,565
3 (3-10).jpg,600,800,mandarina verde,357,211,381,233
3 (3-10).jpg,600,800,mandarina verde,51,317,71,332
3 (3-10).jpg,600,800,mandarina verde,288,483,309,503
3 (3-10).jpg,600,800,mandarina verde,12,420,31,433
3 (3-10).jpg,600,800,mandarina verde,24,188,47,211
3 (3-10).jpg,600,800,mandarina verde,41,277,61,294
3 (3-10).jpg,600,800,mandarina verde,335,262,354,279
3 (3-10).jpg,600,800,mandarina verde,58,376,79,391
3 (3-10).jpg,600,800,mandarina verde,390,278,412,296
3 (3-10).jpg,600,800,mandarina verde,412,258,434,275
3 (3-17).jpg,600,800,mandarina verde,96,676,128,705
3 (3-17).jpg,600,800,mandarina verde,112,621,136,647
3 (3-17).jpg,600,800,mandarina verde,86,620,110,648
3 (3-17).jpg,600,800,mandarina verde,138,622,159,652
3 (3-17).jpg,600,800,mandarina verde,197,647,219,674
3 (3-17).jpg,600,800,mandarina verde,158,607,177,630
3 (3-17).jpg,600,800,mandarina verde,176,601,188,619
3 (3-17).jpg,600,800,mandarina verde,151,470,175,488
3 (3-17).jpg,600,800,mandarina verde,184,385,207,404
3 (3-17).jpg,600,800,mandarina verde,349,351,380,376
3 (3-17).jpg,600,800,mandarina verde,351,433,374,454
3 (3-17).jpg,600,800,mandarina verde,436,334,468,358
3 (3-17).jpg,600,800,mandarina verde,42,429,62,443
3 (3-17).jpg,600,800,mandarina verde,55,472,74,488
3 (3-17).jpg,600,800,mandarina verde,35,474,52,488
3 (3-17).jpg,600,800,mandarina verde,7,476,22,488
3 (3-17).jpg,600,800,mandarina verde,39,410,57,424
3 (3-17).jpg,600,800,mandarina verde,223,302,250,330
3 (3-17).jpg,600,800,mandarina verde,420,431,442,452
3 (3-17).jpg,600,800,mandarina verde,560,540,578,554
3 (3-17).jpg,600,800,mandarina verde,360,162,386,188
3 (3-17).jpg,600,800,mandarina verde,252,289,276,309
3 (3-17).jpg,600,800,mandarina verde,226,83,254,111
3 (3-17).jpg,600,800,mandarina verde,305,150,327,174
3 (3-17).jpg,600,800,mandarina verde,325,138,343,156
3 (3-17).jpg,600,800,mandarina verde,360,125,383,147
3 (3-17).jpg,600,800,mandarina verde,510,213,525,229
3 (3-17).jpg,600,800,mandarina verde,467,71,486,91
3 (3-17).jpg,600,800,mandarina verde,2,259,20,281
3 (3-17).jpg,600,800,mandarina verde,27,385,45,402
3 (3-17).jpg,600,800,mandarina verde,283,96,307,118
3 (3-17).jpg,600,800,mandarina verde,50,396,64,409
3 (3-17).jpg,600,800,mandarina verde,405,155,426,175
3 (3-17).jpg,600,800,mandarina verde,130,693,163,729
3 (3-17).jpg,600,800,mandarina verde,207,689,226,709
3 (3-17).jpg,600,800,mandarina verde,59,367,80,383
3 (3-17).jpg,600,800,mandarina verde,69,448,88,461
3 (3-17).jpg,600,800,mandarina verde,101,418,115,431
3 (3-17).jpg,600,800,mandarina verde,508,470,527,491
3 (3-19).jpg,600,800,mandarina verde,182,687,204,705
3 (3-19).jpg,600,800,mandarina verde,205,517,237,539
3 (3-19).jpg,600,800,mandarina verde,98,553,122,577
3 (3-19).jpg,600,800,mandarina verde,359,440,379,462
3 (3-19).jpg,600,800,mandarina verde,72,366,100,392
3 (3-19).jpg,600,800,mandarina verde,393,355,417,375
3 (3-19).jpg,600,800,mandarina verde,372,376,403,397
3 (3-19).jpg,600,800,mandarina verde,484,320,504,337
3 (3-19).jpg,600,800,mandarina verde,359,344,384,369
3 (3-19).jpg,600,800,mandarina verde,176,523,205,546
3 (3-19).jpg,600,800,mandarina verde,573,388,596,407
3 (3-19).jpg,600,800,mandarina verde,495,337,512,349
3 (3-19).jpg,600,800,mandarina verde,309,207,337,227
3 (3-19).jpg,600,800,mandarina verde,298,153,325,175
3 (3-19).jpg,600,800,mandarina verde,179,212,201,233
3 (3-19).jpg,600,800,mandarina verde,215,337,233,353
3 (3-19).jpg,600,800,mandarina verde,284,422,313,442
3 (3-19).jpg,600,800,mandarina verde,417,355,438,377
3 (3-19).jpg,600,800,mandarina verde,373,312,396,337
3 (3-19).jpg,600,800,mandarina verde,530,444,546,460
3 (3-19).jpg,600,800,mandarina verde,296,568,324,586
3 (3-19).jpg,600,800,mandarina verde,49,535,77,559
3 (3-19).jpg,600,800,mandarina verde,90,328,110,346
3 (3-2).jpg,600,800,mandarina verde,167,705,186,725
3 (3-2).jpg,600,800,mandarina verde,190,593,215,612
3 (3-2).jpg,600,800,mandarina verde,101,495,133,520
3 (3-2).jpg,600,800,mandarina verde,147,446,175,470
3 (3-2).jpg,600,800,mandarina verde,326,432,348,451
3 (3-2).jpg,600,800,mandarina verde,383,366,401,386
3 (3-2).jpg,600,800,mandarina verde,323,514,346,530
3 (3-2).jpg,600,800,mandarina verde,235,594,261,617
3 (3-2).jpg,600,800,mandarina verde,169,678,194,704
3 (3-2).jpg,600,800,mandarina verde,528,544,551,564
3 (3-2).jpg,600,800,mandarina naranja,525,645,546,669
3 (3-2).jpg,600,800,mandarina verde,212,324,239,345
3 (3-2).jpg,600,800,mandarina verde,290,211,312,231
3 (3-2).jpg,600,800,mandarina verde,255,134,286,167
3 (3-2).jpg,600,800,mandarina verde,414,177,433,196
3 (3-2).jpg,600,800,mandarina verde,363,248,382,265
3 (3-2).jpg,600,800,mandarina verde,452,266,475,283
3 (3-2).jpg,600,800,mandarina verde,380,325,400,348
3 (3-2).jpg,600,800,mandarina verde,449,230,467,246
3 (3-2).jpg,600,800,mandarina verde,407,208,425,225
3 (3-2).jpg,600,800,mandarina verde,382,196,403,213
3 (3-9).jpg,600,800,mandarina verde,35,648,54,664
3 (3-9).jpg,600,800,mandarina verde,81,619,93,631
3 (3-9).jpg,600,800,mandarina verde,440,595,462,616
3 (3-9).jpg,600,800,mandarina verde,487,559,506,582
3 (3-9).jpg,600,800,mandarina verde,528,586,541,603
3 (3-9).jpg,600,800,mandarina verde,397,480,418,502
3 (3-9).jpg,600,800,mandarina verde,163,369,186,393
3 (3-9).jpg,600,800,mandarina verde,12,412,36,435
3 (3-9).jpg,600,800,mandarina verde,50,386,72,407
3 (3-9).jpg,600,800,mandarina verde,319,305,340,323
3 (3-9).jpg,600,800,mandarina verde,568,361,583,379
3 (3-9).jpg,600,800,mandarina verde,397,433,408,449
3 (3-9).jpg,600,800,mandarina verde,454,408,472,424
3 (3-9).jpg,600,800,mandarina verde,188,560,203,575
3 (3-9).jpg,600,800,mandarina verde,185,547,198,561
3 (3-9).jpg,600,800,mandarina verde,438,616,453,630
3 (3-9).jpg,600,800,mandarina verde,318,371,334,387
3 (3-9).jpg,600,800,mandarina verde,586,427,600,441
3 (3-9).jpg,600,800,mandarina verde,319,114,331,128
3 (3-9).jpg,600,800,mandarina verde,204,208,213,217
3 (3-9).jpg,600,800,mandarina verde,409,719,427,740
3(2-16).jpg,600,800,mandarina verde,80,703,97,721
3(2-16).jpg,600,800,mandarina verde,45,632,68,652
3(2-16).jpg,600,800,mandarina verde,34,631,45,651
3(2-16).jpg,600,800,mandarina verde,33,550,54,570
3(2-16).jpg,600,800,mandarina verde,92,583,113,601
3(2-16).jpg,600,800,mandarina verde,65,614,87,631
3(2-16).jpg,600,800,mandarina verde,10,598,23,613
3(2-16).jpg,600,800,mandarina verde,229,599,248,615
3(2-16).jpg,600,800,mandarina verde,132,589,150,604
3(2-16).jpg,600,800,mandarina verde,151,527,167,543
3(2-16).jpg,600,800,mandarina verde,246,550,262,565
3(2-16).jpg,600,800,mandarina verde,306,556,320,568
3(2-16).jpg,600,800,mandarina verde,202,658,219,673
3(2-16).jpg,600,800,mandarina verde,273,638,285,650
3(2-16).jpg,600,800,mandarina verde,285,508,301,526
3(2-16).jpg,600,800,mandarina verde,318,473,334,490
3(2-16).jpg,600,800,mandarina verde,376,557,390,570
3(2-16).jpg,600,800,mandarina verde,363,604,373,614
3(2-16).jpg,600,800,mandarina verde,515,702,533,720
3(2-16).jpg,600,800,mandarina verde,445,648,453,657
3(2-16).jpg,600,800,mandarina verde,469,645,484,658
3(2-16).jpg,600,800,mandarina verde,525,661,537,674
3(2-16).jpg,600,800,mandarina verde,500,690,515,707
3(2-16).jpg,600,800,mandarina verde,216,484,229,499
3(2-16).jpg,600,800,mandarina verde,522,641,537,652
3(2-16).jpg,600,800,mandarina verde,588,672,599,685
3(2-16).jpg,600,800,mandarina verde,583,547,600,563
3(2-16).jpg,600,800,mandarina verde,563,520,580,535
3(2-16).jpg,600,800,mandarina verde,568,542,583,557
3(2-16).jpg,600,800,mandarina verde,535,564,546,579
3(2-16).jpg,600,800,mandarina verde,427,602,438,612
3(2-16).jpg,600,800,mandarina verde,546,566,557,575
3(2-16).jpg,600,800,mandarina verde,561,579,571,587
3(2-16).jpg,600,800,mandarina verde,580,517,596,532
3(2-16).jpg,600,800,mandarina verde,402,450,420,462
3(2-16).jpg,600,800,mandarina verde,417,433,430,448
3(2-16).jpg,600,800,mandarina verde,399,429,419,446
3(2-16).jpg,600,800,mandarina verde,66,415,79,427
3(2-16).jpg,600,800,mandarina verde,192,361,213,381
3(2-16).jpg,600,800,mandarina verde,70,476,91,491
3(2-16).jpg,600,800,mandarina verde,437,366,453,382
3(2-16).jpg,600,800,mandarina verde,511,365,527,379
3(2-16).jpg,600,800,mandarina verde,486,274,506,293
3(2-16).jpg,600,800,mandarina verde,92,325,109,339
3(2-16).jpg,600,800,mandarina verde,58,350,74,362
3(2-16).jpg,600,800,mandarina verde,38,329,56,342
3(2-16).jpg,600,800,mandarina verde,63,223,79,240
3(2-16).jpg,600,800,mandarina verde,35,288,53,304
3(2-16).jpg,600,800,mandarina verde,57,306,73,320
3(2-16).jpg,600,800,mandarina verde,74,188,91,203
3(2-16).jpg,600,800,mandarina verde,8,336,23,349
3(2-16).jpg,600,800,mandarina verde,26,195,40,208
3(2-16).jpg,600,800,mandarina verde,23,182,38,194
3(2-16).jpg,600,800,mandarina verde,8,305,23,317
3(2-16).jpg,600,800,mandarina verde,134,223,150,237
3(2-16).jpg,600,800,mandarina verde,148,223,163,238
3(2-16).jpg,600,800,mandarina verde,171,353,190,374
3(2-16).jpg,600,800,mandarina verde,307,473,318,486
3(2-16).jpg,600,800,mandarina verde,288,525,305,537
3(2-16).jpg,600,800,mandarina verde,407,334,422,352
3(2-16).jpg,600,800,mandarina verde,232,377,251,395
3(2-16).jpg,600,800,mandarina verde,183,381,209,401
3(2-16).jpg,600,800,mandarina verde,509,288,526,308
3(2-16).jpg,600,800,mandarina verde,483,351,499,366
3(2-16).jpg,600,800,mandarina verde,481,375,496,389
3(2-16).jpg,600,800,mandarina verde,551,307,563,320
3(2-16).jpg,600,800,mandarina verde,495,587,508,597
3(2-16).jpg,600,800,mandarina verde,573,298,587,311
3(2-16).jpg,600,800,mandarina verde,560,298,573,313
3(2-16).jpg,600,800,mandarina verde,498,263,515,280
3(2-16).jpg,600,800,mandarina verde,308,231,328,250
3(2-16).jpg,600,800,mandarina verde,257,234,277,256
3(2-16).jpg,600,800,mandarina verde,254,215,276,235
3(2-16).jpg,600,800,mandarina verde,171,303,187,319
3(2-16).jpg,600,800,mandarina verde,294,363,311,379
3(2-16).jpg,600,800,mandarina verde,283,383,301,402
3(2-16).jpg,600,800,mandarina verde,342,348,360,366
3(2-16).jpg,600,800,mandarina verde,297,196,320,217
3(2-16).jpg,600,800,mandarina verde,272,186,289,202
3(2-16).jpg,600,800,mandarina verde,382,208,400,224
3(2-16).jpg,600,800,mandarina verde,328,228,341,249
3(2-16).jpg,600,800,mandarina verde,296,219,316,231
3(2-16).jpg,600,800,mandarina verde,492,331,510,347
3(2-16).jpg,600,800,mandarina verde,512,333,528,346
3(2-16).jpg,600,800,mandarina verde,396,171,408,183
3(2-16).jpg,600,800,mandarina verde,317,185,335,206
3(2-16).jpg,600,800,mandarina verde,241,251,254,262
3(2-16).jpg,600,800,mandarina verde,231,241,244,256
3(2-16).jpg,600,800,mandarina verde,329,118,344,131
3(2-16).jpg,600,800,mandarina verde,321,131,332,144
3(2-16).jpg,600,800,mandarina verde,317,108,327,120
3(2-16).jpg,600,800,mandarina verde,412,139,425,152
3(2-22).jpg,600,800,mandarina verde,257,689,281,710
3(2-22).jpg,600,800,mandarina verde,163,519,188,540
3(2-22).jpg,600,800,mandarina verde,204,483,228,502
3(2-22).jpg,600,800,mandarina verde,227,521,249,542
3(2-22).jpg,600,800,mandarina verde,274,446,294,465
3(2-22).jpg,600,800,mandarina verde,283,587,307,612
3(2-22).jpg,600,800,mandarina verde,229,667,252,685
3(2-22).jpg,600,800,mandarina verde,80,603,98,618
3(2-22).jpg,600,800,mandarina verde,56,552,79,573
3(2-22).jpg,600,800,mandarina verde,133,520,155,543
3(2-22).jpg,600,800,mandarina verde,25,543,40,560
3(2-22).jpg,600,800,mandarina verde,95,410,119,434
3(2-22).jpg,600,800,mandarina verde,18,432,35,454
3(2-22).jpg,600,800,mandarina verde,32,419,45,435
3(2-22).jpg,600,800,mandarina verde,79,432,104,458
3(2-22).jpg,600,800,mandarina verde,148,458,167,478
3(2-22).jpg,600,800,mandarina verde,196,417,217,439
3(2-22).jpg,600,800,mandarina verde,100,576,121,591
3(2-22).jpg,600,800,mandarina verde,226,606,254,630
3(2-22).jpg,600,800,mandarina verde,329,550,350,571
3(2-22).jpg,600,800,mandarina verde,216,711,238,727
3(2-22).jpg,600,800,mandarina verde,376,475,396,491
3(2-22).jpg,600,800,mandarina verde,390,460,412,476
3(2-22).jpg,600,800,mandarina verde,360,432,383,448
3(2-22).jpg,600,800,mandarina verde,466,537,479,550
3(2-22).jpg,600,800,mandarina verde,335,425,356,442
3(2-22).jpg,600,800,mandarina verde,363,399,384,419
3(2-22).jpg,600,800,mandarina verde,402,345,416,360
3(2-22).jpg,600,800,mandarina verde,395,292,410,305
3(2-22).jpg,600,800,mandarina verde,192,168,209,184
3(2-22).jpg,600,800,mandarina verde,265,321,281,337
3(2-22).jpg,600,800,mandarina verde,129,250,144,263
3(2-22).jpg,600,800,mandarina verde,179,208,194,225
3(2-22).jpg,600,800,mandarina verde,161,188,180,207
3(2-22).jpg,600,800,mandarina verde,177,123,190,136
3(2-22).jpg,600,800,mandarina verde,165,124,176,135
3(2-22).jpg,600,800,mandarina verde,338,217,356,234
3(2-22).jpg,600,800,mandarina verde,117,423,137,443
3(2-22).jpg,600,800,mandarina verde,459,396,471,408
3(2-22).jpg,600,800,mandarina verde,467,406,483,422
3(2-22).jpg,600,800,mandarina verde,387,352,398,363
3(2-22).jpg,600,800,mandarina verde,355,369,373,388
3(2-22).jpg,600,800,mandarina verde,351,282,364,295
3(2-22).jpg,600,800,mandarina verde,391,263,408,282
3(2-22).jpg,600,800,mandarina verde,333,238,348,256
3(2-22).jpg,600,800,mandarina verde,266,212,279,224
3(2-22).jpg,600,800,mandarina verde,270,202,281,212
3(2-22).jpg,600,800,mandarina verde,313,229,325,243
3(2-22).jpg,600,800,mandarina verde,323,230,338,241
3(2-22).jpg,600,800,mandarina verde,70,203,83,215
3(2-22).jpg,600,800,mandarina verde,540,364,556,379
3(2-22).jpg,600,800,mandarina verde,518,470,531,481
3(2-22).jpg,600,800,mandarina verde,92,520,108,537
3(2-22).jpg,600,800,mandarina verde,571,487,586,500
3(2-22).jpg,600,800,mandarina verde,554,418,568,433
3(2-22).jpg,600,800,mandarina verde,534,476,545,487
3(2-22).jpg,600,800,mandarina verde,518,427,532,439
3(2-22).jpg,600,800,mandarina verde,571,458,583,468
3(2-22).jpg,600,800,mandarina verde,560,306,573,319
3(2-22).jpg,600,800,mandarina verde,432,310,446,322
3(2-22).jpg,600,800,mandarina verde,302,319,316,331
3(2-22).jpg,600,800,mandarina verde,331,290,346,306
3(2-22).jpg,600,800,mandarina verde,373,588,393,606
3(2-22).jpg,600,800,mandarina verde,419,583,435,600
3(2-22).jpg,600,800,mandarina verde,443,554,458,569
3(2-22).jpg,600,800,mandarina verde,142,581,158,592
3(2-22).jpg,600,800,mandarina verde,369,607,389,622
3(2-22).jpg,600,800,mandarina verde,389,614,400,625
3(2-22).jpg,600,800,mandarina verde,507,552,521,565
3(2-22).jpg,600,800,mandarina verde,563,547,576,560
3(2-22).jpg,600,800,mandarina verde,546,537,559,551
3(2-6).jpg,600,800,mandarina verde,167,770,187,786
3(2-6).jpg,600,800,mandarina verde,188,763,207,777
3(2-6).jpg,600,800,mandarina verde,136,628,155,647
3(2-6).jpg,600,800,mandarina verde,219,638,233,650
3(2-6).jpg,600,800,mandarina verde,365,566,387,589
3(2-6).jpg,600,800,mandarina verde,120,721,140,739
3(2-6).jpg,600,800,mandarina verde,122,580,138,593
3(2-6).jpg,600,800,mandarina verde,148,568,164,583
3(2-6).jpg,600,800,mandarina verde,102,572,112,582
3(2-6).jpg,600,800,mandarina verde,93,571,103,584
3(2-6).jpg,600,800,mandarina verde,100,507,120,525
3(2-6).jpg,600,800,mandarina verde,126,437,145,456
3(2-6).jpg,600,800,mandarina verde,102,717,116,734
3(2-6).jpg,600,800,mandarina verde,154,755,172,772
3(2-6).jpg,600,800,mandarina verde,181,749,199,765
3(2-6).jpg,600,800,mandarina verde,395,587,416,605
3(2-6).jpg,600,800,mandarina verde,327,523,344,536
3(2-6).jpg,600,800,mandarina verde,355,470,379,491
3(2-6).jpg,600,800,mandarina verde,369,455,390,474
3(2-6).jpg,600,800,mandarina verde,484,491,503,511
3(2-6).jpg,600,800,mandarina verde,301,636,317,652
3(2-6).jpg,600,800,mandarina verde,108,526,128,541
3(2-6).jpg,600,800,mandarina verde,385,567,399,586
3(2-6).jpg,600,800,mandarina verde,463,503,483,523
3(2-6).jpg,600,800,mandarina verde,250,515,268,534
3(2-6).jpg,600,800,mandarina verde,229,489,245,506
3(2-6).jpg,600,800,mandarina verde,50,443,70,459
3(2-6).jpg,600,800,mandarina verde,256,413,274,429
3(2-6).jpg,600,800,mandarina verde,271,453,293,466
3(2-6).jpg,600,800,mandarina verde,309,673,325,688
3(2-6).jpg,600,800,mandarina verde,470,658,489,675
3(2-6).jpg,600,800,mandarina verde,577,607,596,625
3(2-6).jpg,600,800,mandarina verde,526,578,542,593
3(2-6).jpg,600,800,mandarina verde,527,545,543,560
3(2-6).jpg,600,800,mandarina verde,516,455,536,475
3(2-6).jpg,600,800,mandarina verde,498,463,518,482
3(2-6).jpg,600,800,mandarina verde,564,442,583,461
3(2-6).jpg,600,800,mandarina verde,500,622,521,642
3(2-6).jpg,600,800,mandarina verde,531,354,550,373
3(2-6).jpg,600,800,mandarina verde,515,357,529,370
3(2-6).jpg,600,800,mandarina verde,243,424,262,440
3(2-6).jpg,600,800,mandarina verde,301,475,315,489
3(2-6).jpg,600,800,mandarina verde,330,455,344,467
3(2-6).jpg,600,800,mandarina verde,408,287,426,303
3(2-6).jpg,600,800,mandarina verde,420,277,434,291
3(2-6).jpg,600,800,mandarina verde,469,248,486,267
3(2-6).jpg,600,800,mandarina verde,482,273,499,289
3(2-6).jpg,600,800,mandarina verde,490,298,503,310
3(2-6).jpg,600,800,mandarina verde,554,456,575,477
3(2-6).jpg,600,800,mandarina verde,447,501,461,515
3(2-6).jpg,600,800,mandarina verde,396,538,412,554
3(2-6).jpg,600,800,mandarina verde,403,525,412,539
3(2-6).jpg,600,800,mandarina verde,4,533,18,544
3(2-6).jpg,600,800,mandarina verde,158,410,173,425
3(2-6).jpg,600,800,mandarina verde,143,413,157,429
3(2-6).jpg,600,800,mandarina verde,25,239,49,259
3(2-6).jpg,600,800,mandarina verde,55,225,74,242
3(2-6).jpg,600,800,mandarina verde,111,222,134,243
3(2-6).jpg,600,800,mandarina verde,102,291,115,304
3(2-6).jpg,600,800,mandarina verde,33,363,48,380
3(2-6).jpg,600,800,mandarina verde,58,375,77,392
3(2-6).jpg,600,800,mandarina verde,24,318,36,330
3(2-6).jpg,600,800,mandarina verde,161,308,179,325
3(2-6).jpg,600,800,mandarina verde,129,308,148,328
3(2-6).jpg,600,800,mandarina verde,78,304,96,321
3(2-6).jpg,600,800,mandarina verde,66,300,79,316
3(2-6).jpg,600,800,mandarina verde,35,301,48,313
3(2-6).jpg,600,800,mandarina verde,35,282,51,296
3(2-6).jpg,600,800,mandarina verde,51,274,67,287
3(2-6).jpg,600,800,mandarina verde,42,257,61,272
3(2-6).jpg,600,800,mandarina verde,93,242,114,264
3(2-6).jpg,600,800,mandarina verde,189,235,214,261
3(2-6).jpg,600,800,mandarina verde,179,305,196,323
3(2-6).jpg,600,800,mandarina verde,312,227,338,250
3(2-6).jpg,600,800,mandarina verde,243,334,264,355
3(2-6).jpg,600,800,mandarina verde,286,274,308,296
3(2-6).jpg,600,800,mandarina verde,258,284,276,299
3(2-6).jpg,600,800,mandarina verde,241,260,259,278
3(2-6).jpg,600,800,mandarina verde,135,252,158,269
3(2-6).jpg,600,800,mandarina verde,171,127,194,149
3(2-6).jpg,600,800,mandarina verde,219,97,242,119
3(2-6).jpg,600,800,mandarina verde,237,86,250,97
3(2-6).jpg,600,800,mandarina verde,222,76,236,92
3(2-6).jpg,600,800,mandarina verde,224,62,240,78
3(2-6).jpg,600,800,mandarina verde,242,174,255,186
3(2-6).jpg,600,800,mandarina verde,246,151,263,165
3(2-6).jpg,600,800,mandarina verde,299,36,311,53
3(2-6).jpg,600,800,mandarina verde,109,336,125,350
3(2-6).jpg,600,800,mandarina verde,582,435,599,450
3(2-6).jpg,600,800,mandarina verde,588,419,600,436
3(2-6).jpg,600,800,mandarina verde,493,220,514,239
3(2-6).jpg,600,800,mandarina verde,280,244,296,259
3(2-6).jpg,600,800,mandarina verde,396,218,417,239
3(2-6).jpg,600,800,mandarina verde,381,226,396,243
3(2-6).jpg,600,800,mandarina verde,403,239,422,254
3(2-6).jpg,600,800,mandarina verde,439,219,461,241
3(2-6).jpg,600,800,mandarina verde,451,203,473,222
3(2-6).jpg,600,800,mandarina verde,520,217,542,239
3(2-6).jpg,600,800,mandarina verde,520,251,537,267
3(2-6).jpg,600,800,mandarina verde,500,240,520,257
3(2-6).jpg,600,800,mandarina verde,506,258,521,273
3(2-6).jpg,600,800,mandarina verde,341,61,356,78
3(2-6).jpg,600,800,mandarina verde,168,247,184,272
3(2-6).jpg,600,800,mandarina verde,409,142,422,156
3(2-6).jpg,600,800,mandarina verde,216,253,229,270
3(2-6).jpg,600,800,mandarina verde,453,86,471,98
3(2-6).jpg,600,800,mandarina verde,459,113,473,128
3(2-6).jpg,600,800,mandarina verde,470,103,485,119
3(2-6).jpg,600,800,mandarina verde,356,128,370,142
3(2-6).jpg,600,800,mandarina verde,330,133,350,155
3(2-6).jpg,600,800,mandarina verde,315,52,325,67
3(2-6).jpg,600,800,mandarina verde,380,75,399,98
3(2-6).jpg,600,800,mandarina verde,367,144,380,159
3(2-6).jpg,600,800,mandarina verde,372,130,381,143
3(2-6).jpg,600,800,mandarina verde,215,122,226,138
3(2-6).jpg,600,800,mandarina verde,375,40,389,57
3(2-6).jpg,600,800,mandarina verde,328,41,340,58
3(2-6).jpg,600,800,mandarina verde,350,42,366,61
3(2-6).jpg,600,800,mandarina verde,428,237,444,251
4 (1-10).jpg,600,800,mandarina verde,350,718,378,749
4 (1-10).jpg,600,800,mandarina verde,412,645,440,671
4 (1-10).jpg,600,800,mandarina verde,427,707,454,738
4 (1-10).jpg,600,800,mandarina verde,397,762,422,788
4 (1-10).jpg,600,800,mandarina verde,355,748,381,769
4 (1-10).jpg,600,800,mandarina verde,88,572,108,593
4 (1-10).jpg,600,800,mandarina verde,144,385,179,419
4 (1-10).jpg,600,800,mandarina verde,421,327,441,347
4 (1-10).jpg,600,800,mandarina verde,385,619,412,648
4 (1-10).jpg,600,800,mandarina verde,496,656,522,682
4 (1-10).jpg,600,800,mandarina verde,185,402,211,426
4 (1-10).jpg,600,800,mandarina verde,45,447,75,474
4 (1-10).jpg,600,800,mandarina verde,10,354,34,383
4 (1-10).jpg,600,800,mandarina verde,100,475,126,500
4 (1-10).jpg,600,800,mandarina verde,7,436,32,460
4 (1-10).jpg,600,800,mandarina verde,64,466,88,493
4 (1-10).jpg,600,800,mandarina verde,421,617,443,646
4 (1-10).jpg,600,800,mandarina verde,424,748,447,771
4 (1-10).jpg,600,800,mandarina verde,412,725,437,753
4 (1-10).jpg,600,800,mandarina verde,428,771,443,794
4 (1-10).jpg,600,800,mandarina verde,407,784,429,799
4 (1-10).jpg,600,800,mandarina verde,281,619,300,640
4 (1-10).jpg,600,800,mandarina verde,262,608,279,629
4 (1-10).jpg,600,800,mandarina verde,56,534,78,548
4 (1-10).jpg,600,800,mandarina verde,426,417,455,440
4 (1-10).jpg,600,800,mandarina verde,479,472,503,500
4 (1-10).jpg,600,800,mandarina verde,136,561,156,580
4 (1-10).jpg,600,800,mandarina verde,505,679,528,694
4 (1-10).jpg,600,800,mandarina verde,170,220,194,242
4 (1-10).jpg,600,800,mandarina verde,485,303,502,322
4 (1-10).jpg,600,800,mandarina verde,492,360,512,379
4 (1-10).jpg,600,800,mandarina verde,503,374,524,393
4 (1-10).jpg,600,800,mandarina verde,471,369,493,386
4 (1-10).jpg,600,800,mandarina verde,92,286,117,307
4 (1-10).jpg,600,800,mandarina verde,114,167,141,189
4 (1-10).jpg,600,800,mandarina verde,170,163,189,184
4 (1-19).jpg,600,800,mandarina verde,421,695,445,718
4 (1-19).jpg,600,800,mandarina verde,60,548,80,573
4 (1-19).jpg,600,800,mandarina verde,142,573,162,596
4 (1-19).jpg,600,800,mandarina verde,90,557,116,585
4 (1-19).jpg,600,800,mandarina verde,139,279,165,305
4 (1-20).jpg,600,800,mandarina verde,67,661,97,691
4 (1-20).jpg,600,800,mandarina verde,195,650,222,676
4 (1-20).jpg,600,800,mandarina verde,157,576,183,605
4 (1-20).jpg,600,800,mandarina verde,529,572,548,598
4 (1-20).jpg,600,800,mandarina verde,109,669,131,696
4 (1-20).jpg,600,800,mandarina verde,30,613,50,631
4 (1-22).jpg,600,800,mandarina verde,153,704,185,737
4 (1-22).jpg,600,800,mandarina verde,120,693,150,726
4 (1-22).jpg,600,800,mandarina verde,88,666,114,693
4 (1-22).jpg,600,800,mandarina verde,74,653,92,680
4 (1-22).jpg,600,800,mandarina verde,111,517,135,540
4 (1-22).jpg,600,800,mandarina verde,29,451,64,485
4 (1-22).jpg,600,800,mandarina verde,215,625,244,653
4 (1-22).jpg,600,800,mandarina verde,316,526,336,548
4 (1-22).jpg,600,800,mandarina verde,187,612,211,638
4 (1-22).jpg,600,800,mandarina verde,363,547,382,567
4 (1-22).jpg,600,800,mandarina verde,342,546,361,564
4 (1-22).jpg,600,800,mandarina verde,404,716,433,747
4 (1-22).jpg,600,800,mandarina verde,449,753,475,785
4 (1-22).jpg,600,800,mandarina verde,516,606,538,626
4 (1-22).jpg,600,800,mandarina verde,460,399,484,420
4 (1-22).jpg,600,800,mandarina verde,523,307,541,325
4 (1-22).jpg,600,800,mandarina verde,369,168,392,194
4 (1-22).jpg,600,800,mandarina verde,569,398,589,417
4 (1-22).jpg,600,800,mandarina verde,581,414,600,432
4 (1-6).jpg,600,800,mandarina verde,47,516,88,551
4 (1-6).jpg,600,800,mandarina verde,309,503,336,534
4 (1-6).jpg,600,800,mandarina verde,264,480,296,509
4 (1-6).jpg,600,800,mandarina verde,379,598,406,632
4 (1-6).jpg,600,800,mandarina verde,564,462,592,488
4 (1-6).jpg,600,800,mandarina verde,539,466,562,488
4 (1-6).jpg,600,800,mandarina verde,301,352,330,383
4 (1-6).jpg,600,800,mandarina verde,338,175,363,203
4 (1-6).jpg,600,800,mandarina verde,343,144,371,174
4 (1-6).jpg,600,800,mandarina verde,383,314,409,334
4 (1-6).jpg,600,800,mandarina verde,463,355,487,377
4 (2-11).jpg,600,800,mandarina naranja,272,746,295,766
4 (2-11).jpg,600,800,mandarina naranja,211,705,234,721
4 (2-11).jpg,600,800,mandarina naranja,236,520,262,540
4 (2-11).jpg,600,800,mandarina naranja,261,488,281,509
4 (2-11).jpg,600,800,mandarina naranja,261,671,284,689
4 (2-11).jpg,600,800,mandarina verde,93,602,116,618
4 (2-11).jpg,600,800,mandarina verde,137,596,156,611
4 (2-11).jpg,600,800,mandarina verde,215,626,235,645
4 (2-11).jpg,600,800,mandarina naranja,361,689,384,706
4 (2-11).jpg,600,800,mandarina naranja,85,502,102,518
4 (2-11).jpg,600,800,mandarina verde,302,492,326,511
4 (2-11).jpg,600,800,mandarina naranja,407,661,429,681
4 (2-11).jpg,600,800,mandarina naranja,473,688,493,704
4 (2-11).jpg,600,800,mandarina naranja,50,370,68,389
4 (2-11).jpg,600,800,mandarina verde,136,376,159,397
4 (2-11).jpg,600,800,mandarina naranja,175,378,193,393
4 (2-11).jpg,600,800,mandarina naranja,86,517,104,528
4 (2-11).jpg,600,800,mandarina verde,27,509,35,517
4 (2-11).jpg,600,800,mandarina verde,13,511,23,521
4 (2-11).jpg,600,800,mandarina verde,35,484,53,497
4 (2-11).jpg,600,800,mandarina naranja,61,359,83,377
4 (2-11).jpg,600,800,mandarina naranja,208,376,224,391
4 (2-11).jpg,600,800,mandarina naranja,100,407,118,423
4 (2-11).jpg,600,800,mandarina naranja,380,409,404,428
4 (2-11).jpg,600,800,mandarina naranja,351,466,370,482
4 (2-11).jpg,600,800,mandarina verde,264,619,281,636
4 (2-11).jpg,600,800,mandarina naranja,407,516,426,536
4 (2-11).jpg,600,800,mandarina verde,336,565,358,583
4 (2-11).jpg,600,800,mandarina verde,321,549,338,574
4 (2-11).jpg,600,800,mandarina verde,314,531,342,548
4 (2-11).jpg,600,800,mandarina verde,334,516,357,537
4 (2-11).jpg,600,800,mandarina verde,233,492,254,509
4 (2-11).jpg,600,800,mandarina verde,126,460,142,471
4 (2-11).jpg,600,800,mandarina naranja,490,474,509,493
4 (2-11).jpg,600,800,mandarina naranja,475,464,492,484
4 (2-11).jpg,600,800,mandarina verde,532,609,561,629
4 (2-11).jpg,600,800,mandarina naranja,522,586,544,606
4 (2-11).jpg,600,800,mandarina naranja,566,598,583,622
4 (2-11).jpg,600,800,mandarina naranja,388,511,407,525
4 (2-11).jpg,600,800,mandarina naranja,554,414,570,427
4 (2-11).jpg,600,800,mandarina naranja,314,339,331,355
4 (2-11).jpg,600,800,mandarina verde,397,448,417,465
4 (2-11).jpg,600,800,mandarina verde,406,465,426,482
4 (2-11).jpg,600,800,mandarina naranja,305,408,325,422
4 (2-11).jpg,600,800,mandarina naranja,480,364,503,380
4 (2-11).jpg,600,800,mandarina verde,555,367,573,383
4 (2-11).jpg,600,800,mandarina verde,324,434,343,446
4 (2-11).jpg,600,800,mandarina naranja,516,283,538,303
4 (2-11).jpg,600,800,mandarina verde,446,333,470,354
4 (2-11).jpg,600,800,mandarina verde,428,324,448,342
4 (2-11).jpg,600,800,mandarina verde,441,356,459,370
4 (2-11).jpg,600,800,mandarina verde,575,281,599,312
4 (2-11).jpg,600,800,mandarina verde,340,229,364,250
4 (2-11).jpg,600,800,mandarina naranja,252,243,271,259
4 (2-11).jpg,600,800,mandarina naranja,205,236,223,254
4 (2-11).jpg,600,800,mandarina verde,200,217,218,233
4 (2-11).jpg,600,800,mandarina naranja,251,216,265,232
4 (2-11).jpg,600,800,mandarina naranja,382,247,398,259
4 (2-11).jpg,600,800,mandarina naranja,290,319,302,331
4 (2-11).jpg,600,800,mandarina naranja,283,290,298,306
4 (2-11).jpg,600,800,mandarina verde,466,201,486,219
4 (2-11).jpg,600,800,mandarina naranja,499,207,518,223
4 (2-11).jpg,600,800,mandarina verde,484,218,505,236
4 (2-11).jpg,600,800,mandarina verde,579,179,598,197
4 (2-11).jpg,600,800,mandarina naranja,560,183,577,197
4 (2-11).jpg,600,800,mandarina verde,550,323,564,338
4 (2-11).jpg,600,800,mandarina verde,534,315,551,330
4 (2-11).jpg,600,800,mandarina naranja,528,265,551,285
4 (2-11).jpg,600,800,mandarina verde,468,270,489,290
4 (2-11).jpg,600,800,mandarina verde,456,254,475,270
4 (2-11).jpg,600,800,mandarina verde,489,266,504,282
4 (2-11).jpg,600,800,mandarina verde,482,284,498,300
4 (2-11).jpg,600,800,mandarina naranja,498,282,511,296
4 (2-11).jpg,600,800,mandarina verde,548,276,563,295
4 (2-11).jpg,600,800,mandarina verde,3,324,22,341
4 (2-11).jpg,600,800,mandarina verde,46,309,65,327
4 (2-11).jpg,600,800,mandarina verde,96,315,114,330
4 (2-11).jpg,600,800,mandarina naranja,135,275,154,289
4 (2-11).jpg,600,800,mandarina naranja,135,161,149,176
4 (2-11).jpg,600,800,mandarina verde,140,145,154,157
4 (2-11).jpg,600,800,mandarina naranja,131,151,146,160
4 (2-11).jpg,600,800,mandarina verde,124,361,138,376
4 (2-11).jpg,600,800,mandarina verde,24,303,40,320
4 (2-11).jpg,600,800,mandarina verde,123,129,136,143
4 (2-11).jpg,600,800,mandarina verde,97,203,110,217
4 (2-11).jpg,600,800,mandarina verde,394,216,408,232
4 (2-11).jpg,600,800,mandarina naranja,387,661,407,680
4 (2-13).jpg,600,800,mandarina naranja,73,697,88,711
4 (2-13).jpg,600,800,mandarina naranja,187,703,209,720
4 (2-13).jpg,600,800,mandarina naranja,126,672,148,688
4 (2-13).jpg,600,800,mandarina naranja,465,718,485,735
4 (2-13).jpg,600,800,mandarina naranja,225,687,242,705
4 (2-13).jpg,600,800,mandarina verde,498,767,514,780
4 (2-13).jpg,600,800,mandarina naranja,473,767,490,781
4 (2-13).jpg,600,800,mandarina naranja,444,770,465,783
4 (2-13).jpg,600,800,mandarina naranja,372,362,393,378
4 (2-13).jpg,600,800,mandarina naranja,381,618,403,633
4 (2-13).jpg,600,800,mandarina naranja,483,688,499,705
4 (2-13).jpg,600,800,mandarina naranja,426,716,443,736
4 (2-13).jpg,600,800,mandarina verde,345,371,361,387
4 (2-13).jpg,600,800,mandarina verde,259,231,287,257
4 (2-13).jpg,600,800,mandarina verde,233,209,255,230
4 (2-13).jpg,600,800,mandarina verde,490,245,512,265
4 (2-13).jpg,600,800,mandarina verde,161,128,185,155
4 (2-13).jpg,600,800,mandarina naranja,293,328,312,343
4 (2-13).jpg,600,800,mandarina verde,441,204,462,226
4 (2-13).jpg,600,800,mandarina naranja,536,333,554,350
4 (2-13).jpg,600,800,mandarina naranja,460,500,474,513
4 (2-13).jpg,600,800,mandarina naranja,520,426,540,440
4 (2-13).jpg,600,800,mandarina verde,112,437,129,450
4 (2-13).jpg,600,800,mandarina naranja,380,275,398,292
4 (2-13).jpg,600,800,mandarina verde,196,312,218,326
4 (2-13).jpg,600,800,mandarina naranja,367,341,386,362
4 (2-13).jpg,600,800,mandarina naranja,517,446,530,462
4 (2-13).jpg,600,800,mandarina verde,365,447,380,459
4 (2-13).jpg,600,800,mandarina naranja,148,582,161,598
4 (2-13).jpg,600,800,mandarina naranja,144,267,159,282
4 (2-13).jpg,600,800,mandarina verde,219,209,234,229
4 (2-13).jpg,600,800,mandarina verde,172,155,198,177
4 (2-13).jpg,600,800,mandarina verde,229,56,254,81
4 (2-13).jpg,600,800,mandarina verde,213,143,232,163
4 (2-13).jpg,600,800,mandarina verde,77,364,91,380
4 (2-13).jpg,600,800,mandarina verde,254,94,278,118
4 (2-13).jpg,600,800,mandarina verde,109,486,132,504
4 (2-17).jpg,600,800,mandarina verde,492,435,526,464
4 (2-17).jpg,600,800,mandarina naranja,214,453,238,472
4 (2-17).jpg,600,800,mandarina verde,227,758,242,782
4 (2-17).jpg,600,800,mandarina verde,125,488,145,507
4 (2-17).jpg,600,800,mandarina verde,185,501,205,520
4 (2-17).jpg,600,800,mandarina verde,80,555,101,575
4 (2-17).jpg,600,800,mandarina verde,87,523,105,539
4 (2-17).jpg,600,800,mandarina verde,144,665,162,682
4 (2-17).jpg,600,800,mandarina verde,242,781,259,795
4 (2-17).jpg,600,800,mandarina verde,242,763,256,781
4 (2-17).jpg,600,800,mandarina verde,560,584,586,610
4 (2-17).jpg,600,800,mandarina verde,421,597,447,620
4 (2-17).jpg,600,800,mandarina verde,467,86,489,111
4 (2-17).jpg,600,800,mandarina verde,450,101,474,126
4 (2-17).jpg,600,800,mandarina verde,465,268,504,308
4 (2-17).jpg,600,800,mandarina verde,304,281,331,304
4 (2-17).jpg,600,800,mandarina verde,290,274,306,295
4 (2-17).jpg,600,800,mandarina verde,346,185,365,205
4 (2-17).jpg,600,800,mandarina verde,272,370,291,386
4 (2-17).jpg,600,800,mandarina verde,440,128,460,147
4 (2-23).jpg,600,800,mandarina naranja,62,667,81,682
4 (2-23).jpg,600,800,mandarina naranja,163,495,185,523
4 (2-23).jpg,600,800,mandarina verde,285,389,310,409
4 (2-23).jpg,600,800,mandarina naranja,275,634,289,651
4 (2-23).jpg,600,800,mandarina verde,443,482,460,499
4 (2-23).jpg,600,800,mandarina verde,204,629,224,642
4 (2-23).jpg,600,800,mandarina verde,377,661,395,673
4 (2-23).jpg,600,800,mandarina verde,417,182,441,202
4 (2-23).jpg,600,800,mandarina verde,379,140,407,165
4 (2-23).jpg,600,800,mandarina verde,404,158,430,182
4 (2-23).jpg,600,800,mandarina verde,563,189,596,216
4 (2-23).jpg,600,800,mandarina verde,232,321,253,339
4 (2-23).jpg,600,800,mandarina verde,254,285,290,322
4 (2-23).jpg,600,800,mandarina verde,355,326,375,342
4 (2-23).jpg,600,800,mandarina verde,474,260,506,285
4 (2-23).jpg,600,800,mandarina verde,468,214,498,243
4 (2-23).jpg,600,800,mandarina verde,318,45,343,75
4 (2-23).jpg,600,800,mandarina naranja,472,293,493,314
4 (2-23).jpg,600,800,mandarina naranja,495,312,521,335
4 (2-23).jpg,600,800,mandarina verde,437,316,462,334
4 (2-23).jpg,600,800,mandarina verde,520,332,552,355
4 (2-23).jpg,600,800,mandarina naranja,400,388,425,407
4 (2-23).jpg,600,800,mandarina verde,484,382,502,394
4 (2-23).jpg,600,800,mandarina verde,491,411,514,430
4 (2-23).jpg,600,800,mandarina verde,494,284,522,306
4 (2-23).jpg,600,800,mandarina verde,46,388,76,415
4 (2-23).jpg,600,800,mandarina verde,183,331,223,367
4 (2-23).jpg,600,800,mandarina verde,73,276,106,304
4 (2-23).jpg,600,800,mandarina verde,120,297,161,332
4 (2-23).jpg,600,800,mandarina verde,95,205,132,241
4 (2-23).jpg,600,800,mandarina verde,162,369,191,391
4 (2-23).jpg,600,800,mandarina verde,309,341,329,362
4 (2-23).jpg,600,800,mandarina naranja,266,596,284,613
4 (2-23).jpg,600,800,mandarina verde,86,301,115,321
4 (2-23).jpg,600,800,mandarina naranja,156,71,179,94
4 (2-23).jpg,600,800,mandarina naranja,110,103,127,117
4 (2-23).jpg,600,800,mandarina naranja,104,87,125,102
4 (2-23).jpg,600,800,mandarina verde,25,357,36,368
4 (2-23).jpg,600,800,mandarina verde,214,519,230,536
4 (2-23).jpg,600,800,mandarina naranja,172,522,190,532
4 (2-4).jpg,600,800,mandarina verde,81,762,102,784
4 (2-4).jpg,600,800,mandarina verde,153,745,174,765
4 (2-4).jpg,600,800,mandarina verde,57,688,84,715
4 (2-4).jpg,600,800,mandarina verde,154,635,187,664
4 (2-4).jpg,600,800,mandarina verde,185,708,208,728
4 (2-4).jpg,600,800,mandarina verde,391,573,416,598
4 (2-4).jpg,600,800,mandarina naranja,453,572,474,589
4 (2-4).jpg,600,800,mandarina verde,127,468,160,491
4 (2-4).jpg,600,800,mandarina naranja,16,481,47,506
4 (2-4).jpg,600,800,mandarina verde,187,592,216,615
4 (2-4).jpg,600,800,mandarina verde,288,595,317,621
4 (2-4).jpg,600,800,mandarina verde,388,609,414,629
4 (2-4).jpg,600,800,mandarina verde,255,645,274,661
4 (2-4).jpg,600,800,mandarina verde,239,566,267,586
4 (2-4).jpg,600,800,mandarina verde,102,517,126,537
4 (2-4).jpg,600,800,mandarina verde,113,484,143,506
4 (2-4).jpg,600,800,mandarina verde,218,603,244,625
4 (2-4).jpg,600,800,mandarina naranja,266,550,293,573
4 (2-4).jpg,600,800,mandarina verde,159,467,187,492
4 (2-4).jpg,600,800,mandarina naranja,14,457,42,480
4 (2-4).jpg,600,800,mandarina verde,37,506,63,525
4 (2-4).jpg,600,800,mandarina naranja,8,522,33,543
4 (2-4).jpg,600,800,mandarina verde,19,504,36,523
4 (2-4).jpg,600,800,mandarina verde,115,453,132,475
4 (2-4).jpg,600,800,mandarina naranja,1,455,14,473
4 (2-4).jpg,600,800,mandarina verde,394,681,415,708
4 (2-4).jpg,600,800,mandarina verde,425,632,441,645
4 (2-4).jpg,600,800,mandarina verde,532,692,554,712
4 (2-4).jpg,600,800,mandarina verde,512,559,527,575
4 (2-4).jpg,600,800,mandarina verde,561,531,594,557
4 (2-4).jpg,600,800,mandarina verde,453,726,473,743
4 (2-4).jpg,600,800,mandarina verde,269,668,288,688
4 (2-4).jpg,600,800,mandarina verde,501,439,530,464
4 (2-4).jpg,600,800,mandarina verde,273,406,294,424
4 (2-4).jpg,600,800,mandarina verde,224,439,242,455
4 (2-4).jpg,600,800,mandarina verde,72,358,98,381
4 (2-4).jpg,600,800,mandarina naranja,252,359,275,376
4 (2-4).jpg,600,800,mandarina verde,313,242,343,270
4 (2-4).jpg,600,800,mandarina verde,336,398,357,413
4 (2-4).jpg,600,800,mandarina verde,440,416,466,437
4 (2-4).jpg,600,800,mandarina verde,502,465,530,481
4 (2-4).jpg,600,800,mandarina verde,453,464,476,484
4 (2-4).jpg,600,800,mandarina naranja,350,423,370,439
4 (2-4).jpg,600,800,mandarina naranja,329,409,343,426
4 (2-4).jpg,600,800,mandarina verde,422,202,456,230
4 (2-4).jpg,600,800,mandarina naranja,92,284,120,303
4 (2-4).jpg,600,800,mandarina verde,217,216,238,232
4 (2-4).jpg,600,800,mandarina verde,268,274,296,301
4 (2-4).jpg,600,800,mandarina verde,234,368,248,382
4 (2-4).jpg,600,800,mandarina naranja,119,183,133,198
4 (2-4).jpg,600,800,mandarina naranja,221,195,236,212
4 (2-4).jpg,600,800,mandarina naranja,299,151,324,174
4 (2-4).jpg,600,800,mandarina verde,169,350,188,367
4 (2-4).jpg,600,800,mandarina verde,402,308,431,338
4 (2-4).jpg,600,800,mandarina verde,305,377,324,394
4 (2-4).jpg,600,800,mandarina verde,452,347,474,367
4 (2-4).jpg,600,800,mandarina verde,381,263,413,288
4 (2-4).jpg,600,800,mandarina verde,482,198,507,222
4 (2-4).jpg,600,800,mandarina naranja,206,194,221,213
4 (2-4).jpg,600,800,mandarina naranja,190,188,206,206
4 (2-4).jpg,600,800,mandarina verde,296,103,311,121
4 (2-4).jpg,600,800,mandarina verde,354,173,372,192
4 (2-4).jpg,600,800,mandarina naranja,294,295,317,308
4 (2-4).jpg,600,800,mandarina naranja,518,192,534,210
4 (2-4).jpg,600,800,mandarina verde,17,293,45,321
4 (2-4).jpg,600,800,mandarina verde,1,324,19,344
4 (2-4).jpg,600,800,mandarina verde,34,358,58,375
4 (2-4).jpg,600,800,mandarina verde,43,296,65,313
4 (2-4).jpg,600,800,mandarina naranja,379,307,399,332
4 (2-4).jpg,600,800,mandarina naranja,202,243,226,254
4 (2-4).jpg,600,800,mandarina naranja,202,225,222,242
4 (2-4).jpg,600,800,mandarina verde,282,572,295,588
4 (2-4).jpg,600,800,mandarina verde,352,560,375,579
4 (3-2).jpg,600,800,mandarina verde,33,758,73,793
4 (3-2).jpg,600,800,mandarina verde,217,682,247,703
4 (3-2).jpg,600,800,mandarina verde,29,688,47,717
4 (3-2).jpg,600,800,mandarina verde,50,558,80,580
4 (3-2).jpg,600,800,mandarina verde,417,575,445,596
4 (3-2).jpg,600,800,mandarina verde,438,595,469,614
4 (3-2).jpg,600,800,mandarina verde,402,622,422,646
4 (3-2).jpg,600,800,mandarina verde,207,117,240,148
4 (3-2).jpg,600,800,mandarina verde,283,160,316,189
4 (3-2).jpg,600,800,mandarina verde,171,333,193,355
4 (3-2).jpg,600,800,mandarina verde,72,312,94,332
4 (3-2).jpg,600,800,mandarina verde,61,356,77,372
4 (3-2).jpg,600,800,mandarina verde,332,264,363,293
4 (3-2).jpg,600,800,mandarina verde,247,235,271,255
4 (3-2).jpg,600,800,mandarina verde,434,163,466,195
4 (3-2).jpg,600,800,mandarina verde,435,300,461,318
4 (3-2).jpg,600,800,mandarina verde,384,201,409,228
4 (3-2).jpg,600,800,mandarina verde,206,161,226,180
4 (3-2).jpg,600,800,mandarina verde,174,1,198,16
4 (3-2).jpg,600,800,mandarina verde,381,255,410,277
4 (3-2).jpg,600,800,mandarina verde,412,241,441,270
4 (3-2).jpg,600,800,mandarina verde,337,199,363,229
4 (3-2).jpg,600,800,mandarina verde,585,256,600,271
4 (3-20).jpg,600,800,mandarina verde,280,719,303,744
4 (3-20).jpg,600,800,mandarina verde,282,745,303,756
4 (3-20).jpg,600,800,mandarina verde,261,714,281,744
4 (3-20).jpg,600,800,mandarina verde,261,637,287,663
4 (3-20).jpg,600,800,mandarina verde,326,722,349,746
4 (3-20).jpg,600,800,mandarina verde,305,715,328,734
4 (3-20).jpg,600,800,mandarina verde,274,450,291,466
4 (3-20).jpg,600,800,mandarina verde,246,332,271,350
4 (3-20).jpg,600,800,mandarina verde,164,336,185,354
4 (3-20).jpg,600,800,mandarina verde,372,323,390,341
4 (3-20).jpg,600,800,mandarina verde,388,338,409,355
4 (3-20).jpg,600,800,mandarina verde,367,362,385,377
4 (3-20).jpg,600,800,mandarina verde,510,587,528,599
4 (3-20).jpg,600,800,mandarina verde,569,343,589,361
4 (3-20).jpg,600,800,mandarina verde,582,356,600,371
4 (3-20).jpg,600,800,mandarina verde,193,302,218,322
4 (3-20).jpg,600,800,mandarina verde,195,190,223,216
4 (3-20).jpg,600,800,mandarina verde,230,201,253,221
4 (3-20).jpg,600,800,mandarina verde,25,421,44,435
4 (3-20).jpg,600,800,mandarina verde,75,431,94,448
4 (3-20).jpg,600,800,mandarina verde,137,340,151,353
4 (3-20).jpg,600,800,mandarina verde,82,235,105,249
4 (3-20).jpg,600,800,mandarina verde,135,236,150,248
4 (3-20).jpg,600,800,mandarina verde,215,80,246,110
4 (3-20).jpg,600,800,mandarina verde,257,134,283,158
4 (3-20).jpg,600,800,mandarina verde,192,126,215,147
4 (3-20).jpg,600,800,mandarina verde,180,214,204,236
4 (3-20).jpg,600,800,mandarina verde,425,105,444,125
4 (3-20).jpg,600,800,mandarina verde,399,136,418,153
4 (3-20).jpg,600,800,mandarina verde,502,20,518,38
4 (3-20).jpg,600,800,mandarina verde,511,296,534,314
4 (3-20).jpg,600,800,mandarina verde,485,281,509,300
4 (3-20).jpg,600,800,mandarina verde,500,252,517,270
4 (3-20).jpg,600,800,mandarina verde,564,295,581,312
4 (3-20).jpg,600,800,mandarina verde,383,112,396,125
4 (3-20).jpg,600,800,mandarina verde,178,464,195,477
4 (3-20).jpg,600,800,mandarina verde,97,188,112,203
5 (3-16).jpg,600,800,mandarina verde,305,743,323,761
5 (3-16).jpg,600,800,mandarina verde,211,758,242,782
5 (3-16).jpg,600,800,mandarina verde,173,755,198,777
5 (3-16).jpg,600,800,mandarina verde,195,734,218,752
5 (3-16).jpg,600,800,mandarina verde,202,616,219,632
5 (3-16).jpg,600,800,mandarina verde,114,545,135,561
5 (3-16).jpg,600,800,mandarina verde,184,698,202,722
5 (3-16).jpg,600,800,mandarina verde,180,664,200,678
5 (3-16).jpg,600,800,mandarina verde,331,630,352,650
5 (3-16).jpg,600,800,mandarina verde,316,577,340,595
5 (3-16).jpg,600,800,mandarina verde,304,511,327,531
5 (3-16).jpg,600,800,mandarina verde,137,496,157,510
5 (3-16).jpg,600,800,mandarina verde,45,588,59,608
5 (3-16).jpg,600,800,mandarina verde,184,468,213,488
5 (3-16).jpg,600,800,mandarina verde,212,419,242,445
5 (3-16).jpg,600,800,mandarina verde,265,380,295,408
5 (3-16).jpg,600,800,mandarina verde,345,311,378,340
5 (3-16).jpg,600,800,mandarina verde,34,326,73,364
5 (3-16).jpg,600,800,mandarina verde,114,274,139,295
5 (3-16).jpg,600,800,mandarina verde,12,404,41,431
5 (3-16).jpg,600,800,mandarina verde,230,190,252,209
5 (3-16).jpg,600,800,mandarina verde,212,231,238,254
5 (3-16).jpg,600,800,mandarina verde,190,203,217,224
5 (3-16).jpg,600,800,mandarina verde,203,183,222,205
5 (3-16).jpg,600,800,mandarina verde,218,167,244,189
5 (3-16).jpg,600,800,mandarina verde,262,191,283,214
5 (3-16).jpg,600,800,mandarina verde,250,180,267,202
5 (3-16).jpg,600,800,mandarina verde,378,190,398,212
5 (3-16).jpg,600,800,mandarina verde,297,380,318,409
5 (3-16).jpg,600,800,mandarina verde,328,346,357,373
5 (3-16).jpg,600,800,mandarina verde,316,487,338,503
5 (3-16).jpg,600,800,mandarina verde,307,462,333,482
5 (3-16).jpg,600,800,mandarina verde,408,310,437,343
5 (3-16).jpg,600,800,mandarina verde,333,519,354,540
5 (3-16).jpg,600,800,mandarina verde,137,598,158,617
5 (3-16).jpg,600,800,mandarina verde,255,598,279,614
5 (3-16).jpg,600,800,mandarina verde,431,336,453,356
5 (3-16).jpg,600,800,mandarina verde,501,189,524,212
5 (3-16).jpg,600,800,mandarina verde,567,76,588,99
5 (3-16).jpg,600,800,mandarina verde,292,82,311,105
5 (3-16).jpg,600,800,mandarina verde,333,56,349,78
5 (3-16).jpg,600,800,mandarina verde,315,48,332,71
5 (3-16).jpg,600,800,mandarina verde,366,9,387,29
5 (3-16).jpg,600,800,mandarina verde,475,198,493,217
5 (3-16).jpg,600,800,mandarina verde,585,92,600,111
5 (3-16).jpg,600,800,mandarina verde,508,408,524,426
5 (3-16).jpg,600,800,mandarina verde,347,458,364,482
5 (3-16).jpg,600,800,mandarina verde,481,348,503,367
5 (3-16).jpg,600,800,mandarina verde,348,670,368,689
5 (3-2).jpg,600,800,mandarina verde,85,587,112,613
5 (3-2).jpg,600,800,mandarina verde,90,567,112,587
5 (3-2).jpg,600,800,mandarina verde,356,385,381,403
5 (3-2).jpg,600,800,mandarina naranja,211,394,235,413
5 (3-2).jpg,600,800,mandarina verde,396,364,417,381
5 (3-2).jpg,600,800,mandarina verde,438,717,455,732
5 (3-2).jpg,600,800,mandarina verde,199,587,224,608
5 (3-2).jpg,600,800,mandarina verde,380,358,398,371
5 (3-2).jpg,600,800,mandarina verde,44,634,73,651
5 (3-2).jpg,600,800,mandarina verde,301,631,323,654
5 (3-2).jpg,600,800,mandarina verde,523,222,556,260
5 (3-2).jpg,600,800,mandarina verde,501,246,526,269
5 (3-2).jpg,600,800,mandarina verde,335,322,359,340
5 (3-2).jpg,600,800,mandarina verde,152,189,174,213
5 (3-2).jpg,600,800,mandarina verde,482,208,514,232
5 (3-2).jpg,600,800,mandarina verde,450,289,478,310
5 (3-2).jpg,600,800,mandarina verde,511,376,533,393
5 (3-2).jpg,600,800,mandarina verde,108,256,137,281
5 (3-2).jpg,600,800,mandarina verde,99,187,127,214
5 (3-2).jpg,600,800,mandarina naranja,189,282,209,298
5 (3-2).jpg,600,800,mandarina verde,201,250,220,270
5 (3-2).jpg,600,800,mandarina verde,122,211,150,234
5 (3-2).jpg,600,800,mandarina verde,26,242,55,266
5 (3-2).jpg,600,800,mandarina verde,9,269,35,288
5 (3-2).jpg,600,800,mandarina verde,25,219,50,243
5 (3-2).jpg,600,800,mandarina verde,83,222,104,246
5 (3-2).jpg,600,800,mandarina verde,125,213,148,235
5 (3-2).jpg,600,800,mandarina verde,113,580,138,602
5 (3-2).jpg,600,800,mandarina verde,431,326,452,340
5 (3-2).jpg,600,800,mandarina verde,504,315,536,338
5 (3-2).jpg,600,800,mandarina verde,569,230,598,261
5 (3-2).jpg,600,800,mandarina verde,571,346,595,370
5 (3-2).jpg,600,800,mandarina verde,551,358,571,382
5 (3-2).jpg,600,800,mandarina verde,311,594,333,613
5 (3-2).jpg,600,800,mandarina verde,355,440,370,458
5 (3-6).jpg,600,800,mandarina verde,59,621,82,642
5 (3-6).jpg,600,800,mandarina verde,163,560,190,586
5 (3-6).jpg,600,800,mandarina verde,174,524,196,547
5 (3-6).jpg,600,800,mandarina verde,211,565,238,587
5 (3-6).jpg,600,800,mandarina verde,233,581,253,596
5 (3-6).jpg,600,800,mandarina verde,27,641,56,661
5 (3-6).jpg,600,800,mandarina verde,294,429,315,447
5 (3-6).jpg,600,800,mandarina verde,268,392,296,412
5 (3-6).jpg,600,800,mandarina verde,343,419,367,442
5 (3-6).jpg,600,800,mandarina verde,575,423,591,440
5 (3-6).jpg,600,800,mandarina verde,586,410,600,427
5 (3-6).jpg,600,800,mandarina verde,281,319,301,336
5 (3-6).jpg,600,800,mandarina verde,281,298,302,317
5 (3-6).jpg,600,800,mandarina verde,290,277,309,297
5 (3-6).jpg,600,800,mandarina verde,356,184,377,207
5 (3-6).jpg,600,800,mandarina verde,364,243,381,262
5 (3-6).jpg,600,800,mandarina verde,390,254,408,275
5 (3-6).jpg,600,800,mandarina verde,77,387,97,406
5 (3-6).jpg,600,800,mandarina verde,1,389,24,410
6 (3-2).jpg,600,800,mandarina verde,319,394,347,413
6 (3-2).jpg,600,800,mandarina verde,385,110,416,141
6 (3-2).jpg,600,800,mandarina verde,22,134,52,171
6 (3-2).jpg,600,800,mandarina verde,193,232,227,259
6 (3-2).jpg,600,800,mandarina verde,164,205,191,228
6 (3-2).jpg,600,800,mandarina verde,161,241,182,261
6 (3-2).jpg,600,800,mandarina verde,147,444,164,469
6 (3-2).jpg,600,800,mandarina verde,260,599,277,618
6 (3-2).jpg,600,800,mandarina verde,325,275,351,303
6 (3-2).jpg,600,800,mandarina verde,374,148,401,174
6 (3-2).jpg,600,800,mandarina verde,317,103,341,129
6 (3-2).jpg,600,800,mandarina verde,42,158,71,185
6 (3-2).jpg,600,800,mandarina verde,20,185,39,205
6 (3-2).jpg,600,800,mandarina verde,170,302,192,321
6 (3-2).jpg,600,800,mandarina verde,444,189,466,218
6 (3-2).jpg,600,800,mandarina verde,348,134,370,159
6 (3-2).jpg,600,800,mandarina verde,232,248,254,267
6 (3-20).jpg,600,800,mandarina verde,487,268,516,293
6 (3-20).jpg,600,800,mandarina verde,521,258,551,285
6 (3-20).jpg,600,800,mandarina verde,506,227,537,249
6 (3-20).jpg,600,800,mandarina verde,187,143,216,169
6 (3-20).jpg,600,800,mandarina verde,135,171,161,190
6 (3-20).jpg,600,800,mandarina verde,267,536,284,552
6 (3-20).jpg,600,800,mandarina verde,575,451,596,474
6 (3-20).jpg,600,800,mandarina verde,189,493,205,509
6 (3-20).jpg,600,800,mandarina verde,286,379,310,402
6 (3-20).jpg,600,800,mandarina verde,81,206,103,225
6 (3-20).jpg,600,800,mandarina verde,30,135,51,153
6 (3-20).jpg,600,800,mandarina verde,60,97,84,118
6 (3-20).jpg,600,800,mandarina verde,515,340,539,365
6 (3-20).jpg,600,800,mandarina verde,554,424,581,447
6 (3-20).jpg,600,800,mandarina verde,511,318,538,340
6 (3-20).jpg,600,800,mandarina verde,243,261,259,276
6 (3-20).jpg,600,800,mandarina verde,406,554,425,572
6 (3-20).jpg,600,800,mandarina verde,110,81,132,104
6 (3-20).jpg,600,800,mandarina verde,485,625,503,643
6 (3-20).jpg,600,800,mandarina verde,504,626,521,644
6 (3-20).jpg,600,800,mandarina verde,197,640,211,655
6 (3-20).jpg,600,800,mandarina verde,471,377,490,396
6 (3-20).jpg,600,800,mandarina verde,128,200,145,215
6 (3-24).jpg,600,800,mandarina verde,384,479,416,510
6 (3-24).jpg,600,800,mandarina verde,360,265,393,300
6 (3-24).jpg,600,800,mandarina verde,88,250,115,281
6 (3-24).jpg,600,800,mandarina verde,85,417,119,449
6 (3-24).jpg,600,800,mandarina verde,147,518,187,548
6 (3-24).jpg,600,800,mandarina verde,311,438,341,466
6 (3-24).jpg,600,800,mandarina verde,332,515,357,538
6 (3-24).jpg,600,800,mandarina verde,324,490,353,514
6 (3-24).jpg,600,800,mandarina verde,458,696,484,721
6 (3-24).jpg,600,800,mandarina verde,534,318,569,344
6 (3-24).jpg,600,800,mandarina verde,235,225,259,251
6 (3-24).jpg,600,800,mandarina verde,295,165,323,192
6 (3-24).jpg,600,800,mandarina verde,185,225,206,243
6 (3-24).jpg,600,800,mandarina verde,224,224,234,249
6 (3-24).jpg,600,800,mandarina verde,368,350,395,371
6 (3-24).jpg,600,800,mandarina verde,382,330,411,354
6 (3-24).jpg,600,800,mandarina verde,444,479,472,502
6 (3-24).jpg,600,800,mandarina verde,403,521,425,538
6 (3-24).jpg,600,800,mandarina verde,500,203,526,228
6 (3-24).jpg,600,800,mandarina verde,354,701,377,730
6 (3-24).jpg,600,800,mandarina verde,88,297,119,330
p.jpg,600,800,mandarina verde,179,756,206,781
p.jpg,600,800,mandarina verde,18,733,40,752
p.jpg,600,800,mandarina verde,334,532,351,552
p.jpg,600,800,mandarina verde,317,528,334,546
p.jpg,600,800,mandarina verde,37,550,57,570
p.jpg,600,800,mandarina verde,2,555,26,575
p.jpg,600,800,mandarina verde,431,182,443,194
p.jpg,600,800,mandarina verde,250,320,262,331
p.jpg,600,800,mandarina verde,209,194,230,212
p.jpg,600,800,mandarina verde,180,179,201,199
p.jpg,600,800,mandarina verde,244,428,261,442
p.jpg,600,800,mandarina verde,69,493,86,507
p.jpg,600,800,mandarina verde,36,371,63,392
